id,dataset,rmse,mape
LAT_day_0,LAT,45.476642356269004,3.797720699786647
LAT_day_1,LAT,49.17612903296341,4.815654001587118
LAT_day_2,LAT,22.052021827185524,2.220530031111767
LAT_day_3,LAT,35.314067074373256,3.01806919782358
LAT_day_4,LAT,15.716233645501712,1.6243055868925393
LAT_day_5,LAT,15.73345692041856,1.385812323109793
LAT_day_6,LAT,21.327798761241162,1.8032287654115342
LAT_day_7,LAT,28.67998721524587,2.617896287268001
LAT_day_8,LAT,30.940130359561618,2.7231172807872346
LAT_day_9,LAT,47.72315999596003,4.1570355222809505
LAT_day_10,LAT,12.76388133236386,1.188771868571744
LAT_day_11,LAT,10.66341096147632,0.8791742188555287
LAT_day_12,LAT,15.22607412740833,1.2945469866004478
LAT_day_13,LAT,39.858604257215696,3.4239618688002933
LAT_day_14,LAT,26.139051245215462,2.8473511181220394
LAT_day_15,LAT,41.528102934438664,4.8945426817416875
LAT_day_16,LAT,43.13399664611044,4.557049543477287
LAT_day_17,LAT,13.44742850262954,1.344454801780164
LAT_day_18,LAT,10.56921630648807,1.030042330080863
LAT_day_19,LAT,11.62432793756267,1.0001130988801774
LAT_day_20,LAT,11.319231422671772,0.8939043753688359
LAT_day_21,LAT,33.81444464524986,3.1303820285059576
LAT_day_22,LAT,46.1415394917277,4.402968514353447
LAT_day_23,LAT,27.244265451650556,2.351567580867658
LAT_day_24,LAT,12.835497652993435,1.2100659928720783
LAT_day_25,LAT,26.08958923913266,2.332231218539968
LAT_day_26,LAT,14.314910641239317,1.2743310151314455
LAT_day_27,LAT,24.927394569027868,2.009082687881053
LAT_day_28,LAT,29.03733229252761,2.812019129366798
LAT_day_29,LAT,23.20380715888379,2.1389031851782287
LAT_day_30,LAT,22.533308678487497,1.782746704689933
LAT_day_31,LAT,54.73534811557641,4.131858472843155
LAT_day_32,LAT,14.168627315304754,1.128871754447086
LAT_day_33,LAT,18.2882020257141,1.8016028620342226
LAT_day_34,LAT,17.18526500620032,1.5298188892549818
LAT_day_35,LAT,13.744695946679455,1.0620809084134601
LAT_day_36,LAT,47.789032912025604,4.515727763735786
LAT_day_37,LAT,29.451230874107793,3.287301458417016
LAT_day_38,LAT,20.213444370847174,1.7048743535788498
LAT_day_39,LAT,32.927318951492744,3.0418041318711913
LAT_day_40,LAT,30.108138434649195,2.2876945669140807
LAT_day_41,LAT,12.921235751015974,1.130461220833503
LAT_day_42,LAT,9.356370378873779,0.7610581715761635
LAT_day_43,LAT,18.358694579589983,1.6621215981408606
LAT_day_44,LAT,28.409212120953537,2.8468107798089033
LAT_day_45,LAT,24.54757286033251,2.4452975420326513
LAT_day_46,LAT,18.218580259357935,1.4485204592252374
LAT_day_47,LAT,9.810708435174291,0.86137203597886
LAT_day_48,LAT,22.08977893355507,1.9601636661318405
LAT_day_49,LAT,15.469055131670668,1.3745964407541207
LAT_day_50,LAT,24.365275838099322,2.8703967880281223
LAT_day_51,LAT,30.284759643534677,3.0604810961184334
LAT_day_52,LAT,13.201956925648055,1.248487348169571
LAT_day_53,LAT,16.17997733826184,1.5811118291105288
LAT_day_54,LAT,18.919786820504434,1.6685706818336568
LAT_day_55,LAT,11.197097838279346,1.058219816574947
LAT_day_56,LAT,17.931582938119732,1.5087275409476284
LAT_day_57,LAT,34.86461912407286,3.7015815141801545
LAT_day_58,LAT,21.70541407114824,2.2107224551662332
LAT_day_59,LAT,36.12824379900025,3.1705511910092374
LAT_day_60,LAT,17.99305421544658,1.769375533504371
LAT_day_61,LAT,34.21926845117139,2.9298637908652707
LAT_day_62,LAT,10.470195795685962,0.9604449402357248
LAT_day_63,LAT,15.273888393813367,1.2401190903085626
LAT_day_64,LAT,42.801382376429544,4.952844473143184
LAT_day_65,LAT,17.184052684587147,2.005380816673031
LAT_day_66,LAT,11.565033506220377,1.1588688551697957
LAT_day_67,LAT,26.01361822840747,2.6002537539406196
LAT_day_68,LAT,20.247427820178377,1.763148866558237
LAT_day_69,LAT,16.59693746850103,1.392344159033168
LAT_day_70,LAT,13.189326492787012,1.1595963567816086
LAT_day_71,LAT,31.775252424908707,2.9633662174434554
LAT_day_72,LAT,36.315171301629114,3.7342785967191148
LAT_day_73,LAT,14.080127840328723,1.4903899945364003
LAT_day_74,LAT,14.72950553594157,1.2209155445046314
LAT_day_75,LAT,37.34356258669848,3.3840862773224587
LAT_day_76,LAT,14.984714433937894,1.2769125986978638
LAT_day_77,LAT,22.276669409945463,1.9954707833483343
LAT_day_78,LAT,55.59114138061927,6.542652826356342
LAT_day_79,LAT,29.838628487247867,3.677974239981665
LAT_day_80,LAT,20.68312516682783,2.0757560628097464
LAT_day_81,LAT,13.438129830200829,1.1414264690414335
LAT_day_82,LAT,14.485625058427177,1.3883160600255158
LAT_day_83,LAT,28.283534668307166,2.751170926388996
LAT_day_84,LAT,100.41352000602309,10.421531509380745
LAT_day_85,LAT,24.906491790963525,2.7091126327377393
LAT_day_86,LAT,130.48515241206564,16.218188199789697
LAT_day_87,LAT,49.4237628406957,4.826120667413882
LAT_day_88,LAT,60.0680170029498,5.452112322494082
LAT_day_89,LAT,14.722431864335457,1.4112263709245807
LAT_day_90,LAT,17.50476125705994,1.4727959846939545
LAT_day_91,LAT,21.35610763536589,2.1323149127415375
LAT_day_92,LAT,49.6475074903061,5.1462080878565954
LAT_day_93,LAT,20.92844953645635,2.221829484831811
LAT_day_94,LAT,13.937359864766353,1.6442583931364059
LAT_day_95,LAT,20.21653613587979,1.9149490728055492
LAT_day_96,LAT,19.05474569059722,1.619935231891605
LAT_day_97,LAT,7.421814692737439,0.7602482296100552
LAT_day_98,LAT,10.478151872666604,0.9951521793000724
LAT_day_99,LAT,36.697524893830824,4.523137526404966
LAT_day_100,LAT,19.72413918696242,2.5978569132512503
LAT_day_101,LAT,16.606976445658816,1.9000106398202956
LAT_day_102,LAT,15.049916943292411,1.7024880515362752
LAT_day_103,LAT,12.518319908571332,1.2773671910057136
LAT_day_104,LAT,25.8642288370122,2.5397314013456023
LAT_day_105,LAT,16.67458145401757,1.6026461364397036
LAT_day_106,LAT,21.914607000811127,2.5856878141880753
LAT_day_107,LAT,28.962619586862882,2.720433701044363
LAT_day_108,LAT,26.189215337615597,2.5063191028061804
LAT_day_109,LAT,29.44840120164987,3.1397061319470176
LAT_day_110,LAT,25.041632002194532,2.6243390576682857
LAT_day_111,LAT,9.264628073124864,0.8877054616773038
LAT_day_112,LAT,29.36125564980717,2.0200157853092473
LAT_day_113,LAT,37.61648574760805,3.976266427572329
LAT_day_114,LAT,20.262856001396578,2.5364448757187907
LAT_day_115,LAT,58.97386426771326,5.374153256767886
LAT_day_116,LAT,80.83831599763403,7.992925471087169
LAT_day_117,LAT,70.25756187059156,6.402007565860603
LAT_day_118,LAT,21.785889929034344,2.1791089195248423
LAT_day_119,LAT,21.214185505615497,2.2061043908392963
LAT_day_120,LAT,50.1206876781767,5.695682582790189
LAT_day_121,LAT,45.3656441226912,4.919334599998361
LAT_day_122,LAT,56.17087026801941,4.753884766811636
LAT_day_123,LAT,12.129509470708204,1.4161083607804168
LAT_day_124,LAT,5.968668193156661,0.6129792249290671
LAT_day_125,LAT,7.593857166596345,0.7944995144373657
LAT_day_126,LAT,23.949599857478482,1.860755044063687
LAT_day_127,LAT,67.93287127746036,8.58860449942258
LAT_day_128,LAT,24.756312326354262,3.249007233577713
LAT_day_129,LAT,20.221688027132323,2.4247170931506092
LAT_day_130,LAT,30.7726881070428,2.6971761392053715
LAT_day_131,LAT,14.833801490739543,1.6650714816801855
LAT_day_132,LAT,9.759610647971568,1.0287831493847126
LAT_day_133,LAT,8.077747210701755,0.8303449777050878
LAT_day_134,LAT,14.432313281891668,1.7505170971816673
LAT_day_135,LAT,30.820042180373473,2.993550718013915
LAT_day_136,LAT,23.054283766797006,2.5779899331332485
LAT_day_137,LAT,27.630749778703677,2.194135102500835
LAT_day_138,LAT,43.97631938517214,4.317364616638151
LAT_day_139,LAT,15.277979796644145,1.347266890660883
LAT_day_140,LAT,12.006942436218583,1.4060332483653557
LAT_day_141,LAT,14.034184455583208,1.6170160236640818
LAT_day_142,LAT,30.993951022739903,3.529111995127363
LAT_day_143,LAT,29.164047501447165,2.9635420686521123
LAT_day_144,LAT,9.194654243997796,0.8656773136930812
LAT_day_145,LAT,9.336309049440612,1.1045814437922579
LAT_day_146,LAT,12.632629707758133,1.2629286555236632
LAT_day_147,LAT,8.930285549745875,0.9424831865218675
LAT_day_148,LAT,10.719919153924002,1.1727488268089101
LAT_day_149,LAT,19.924858845171276,2.2692877649300764
LAT_day_150,LAT,29.916550603303182,3.0439403626889625
LAT_day_151,LAT,9.013878188659973,0.8177551572575468
LAT_day_152,LAT,9.615525639991468,1.0228329970882917
LAT_day_153,LAT,6.940220937885671,0.6697651819388107
LAT_day_154,LAT,10.843584893075414,1.2261565668003178
LAT_day_155,LAT,16.036416889899897,2.0174451990489968
LAT_day_156,LAT,18.509006816502428,2.1598895970307703
LAT_day_157,LAT,12.371001037372306,1.3762889713212771
LAT_day_158,LAT,12.581401617731892,1.417555529936161
LAT_day_159,LAT,11.236102527122116,1.3119251126036882
LAT_day_160,LAT,11.638656852632668,1.2869328057121452
LAT_day_161,LAT,19.193097717669236,1.7560290413890778
LAT_day_162,LAT,46.30874647407334,4.788916488460333
LAT_day_163,LAT,16.335033925074455,1.8183365899628507
LAT_day_164,LAT,65.66201337150727,6.581412644828684
LAT_day_165,LAT,34.25942692651664,3.505051035035062
LAT_day_166,LAT,137.56453031214116,16.752117419015466
LAT_day_167,LAT,127.02821208954595,15.805936666785758
LAT_day_168,LAT,64.07807737440318,7.633473072253387
LAT_day_169,LAT,52.69645781897173,6.926536830163823
LAT_day_170,LAT,21.07723890835799,2.669328281813777
LAT_day_171,LAT,131.7690530182764,12.838938289936364
LAT_day_172,LAT,78.47478363567922,7.821592156314436
LAT_day_173,LAT,23.657275131905337,2.4239714002777775
LAT_day_174,LAT,26.46932186513285,2.4446788675691304
LAT_day_175,LAT,32.83988936237961,3.1425796947111473
LAT_day_176,LAT,11.01324959613041,1.2623322815066138
LAT_day_177,LAT,24.67117075995111,2.513585555663704
LAT_day_178,LAT,44.558482170439035,4.219953696688431
LAT_day_179,LAT,15.01527000534234,1.4396379910891945
LAT_day_180,LAT,20.488818088573744,1.9509961812135495
LAT_day_181,LAT,15.56438241627338,1.5933488802619977
LAT_day_182,LAT,34.64883355420016,3.573011212312848
LAT_day_183,LAT,26.394443859772206,2.914305914018858
LAT_day_184,LAT,8.827041784576908,1.0312797919771288
LAT_day_185,LAT,41.75024950025249,3.946892047694945
LAT_day_186,LAT,12.342339054382412,1.1745282414423532
LAT_day_187,LAT,14.617341299520465,1.4568036152929973
LAT_day_188,LAT,15.748015748023622,1.3007795550855321
LAT_day_189,LAT,16.55294535724685,1.5656531316806919
LAT_day_190,LAT,11.550613259332453,1.2822645497721727
LAT_day_191,LAT,24.12985702402731,2.7040292304223694
LAT_day_192,LAT,13.764386413252621,1.5824164747683456
LAT_day_193,LAT,13.138683343470912,1.4276827485236538
LAT_day_194,LAT,14.829587542027818,1.5821830591163408
LAT_day_195,LAT,7.106335201775948,0.6861317990126236
LAT_day_196,LAT,11.636866703140784,1.1446042753086592
LAT_day_197,LAT,19.7810936671021,2.5921876700110262
LAT_day_198,LAT,20.534523775015252,2.428731333881279
LAT_day_199,LAT,47.51140214025822,4.398506710751065
LAT_day_200,LAT,10.01873245475694,0.921691913085782
LAT_day_201,LAT,16.232683080747925,1.645288086444825
LAT_day_202,LAT,5.813060008865095,0.5076239135651667
LAT_day_203,LAT,21.10390959040528,2.4483533102360884
LAT_day_204,LAT,10.758717395675006,1.2916164356816593
LAT_day_205,LAT,20.429757707814353,2.233983335654484
LAT_day_206,LAT,28.61162351213227,2.579357427363896
LAT_day_207,LAT,10.812801055539063,1.111352211174435
LAT_day_208,LAT,8.54400374531753,0.748577046855824
LAT_day_209,LAT,7.274384280931732,0.6741315008971684
LAT_day_210,LAT,11.379806676741042,1.2596585945495424
LAT_day_211,LAT,19.003289188979892,2.3427128206075327
LAT_day_212,LAT,28.91078230234065,3.5638998790101044
LAT_day_213,LAT,13.553904726437077,1.50580747983158
LAT_day_214,LAT,13.33697866834914,1.242043235519053
LAT_day_215,LAT,7.2571803523590805,0.623633624308498
LAT_day_216,LAT,11.403581308811134,1.1845858088456134
LAT_day_217,LAT,13.24764129949177,1.1966166402562735
LAT_day_218,LAT,30.72593909603632,3.3940617412749
LAT_day_219,LAT,26.130282560023467,2.9383032357515546
LAT_day_220,LAT,25.890796305508516,2.7676784254441653
LAT_day_221,LAT,13.914920050075747,1.2645378232133464
LAT_day_222,LAT,7.759402897989854,0.8251131605140114
LAT_day_223,LAT,8.779711460710615,0.799186331535823
LAT_day_224,LAT,8.590207603234434,0.8137162933629599
LAT_day_225,LAT,24.70323865407125,2.676375810343001
LAT_day_226,LAT,19.165942015286735,2.2790730566936714
LAT_day_227,LAT,18.726095873584185,1.8286429437992833
LAT_day_228,LAT,13.321348780560223,1.4768501152076214
LAT_day_229,LAT,34.018989794917,3.45407246548363
LAT_day_230,LAT,15.50268793897798,1.3724451971406058
LAT_day_231,LAT,15.783694117664597,1.4258586129451345
LAT_day_232,LAT,31.871486734488347,3.4012978695875855
LAT_day_233,LAT,9.543758868146938,1.1051475080106237
LAT_day_234,LAT,11.883111264872232,1.3813990793346422
LAT_day_235,LAT,12.11748048619569,1.12409087162344
LAT_day_236,LAT,21.04063528825433,1.8916642168949573
LAT_day_237,LAT,14.016359489301541,1.2910818128763268
LAT_day_238,LAT,23.11114449783913,2.6725402110291894
LAT_day_239,LAT,33.79657280455125,3.5877912087425807
LAT_day_240,LAT,19.810561156447168,1.9771846219586238
LAT_day_241,LAT,32.608792270388264,3.259800533431529
LAT_day_242,LAT,17.289206652321173,1.862604282384547
LAT_day_243,LAT,6.422616289332565,0.6751318956858282
LAT_day_244,LAT,18.375708603116962,1.7800053037394643
LAT_day_245,LAT,15.416441439796236,1.7851761362323681
LAT_day_246,LAT,35.91250942684643,3.6993338966751756
LAT_day_247,LAT,20.015618901248097,2.035854921168558
LAT_day_248,LAT,16.09477140771706,1.5242444137601328
LAT_day_249,LAT,8.904586833012898,0.8327079234176973
LAT_day_250,LAT,15.073431372230191,1.3187505688722867
LAT_day_251,LAT,24.33789911502908,2.5585047408170314
LAT_day_252,LAT,15.217862311551295,1.4934541593992172
LAT_day_253,LAT,13.685454565584099,1.4975514899003208
LAT_day_254,LAT,17.875728423386462,1.760176834249066
LAT_day_255,LAT,48.0984233975848,4.400102904136118
LAT_day_256,LAT,11.909380056633232,1.185973352540776
LAT_day_257,LAT,12.65734305979471,1.2500358679252013
LAT_day_258,LAT,18.962682651284688,1.4273940124302265
LAT_day_259,LAT,24.787429609918544,2.3085072474974737
LAT_day_260,LAT,13.343225497107762,1.425217429255872
LAT_day_261,LAT,15.370426148939398,1.331845735223894
LAT_day_262,LAT,17.51071100783746,1.829090806327351
LAT_day_263,LAT,9.011566641452157,0.9542139928140548
LAT_day_264,LAT,14.020817855365404,1.3545516146461012
LAT_day_265,LAT,13.893943524668101,1.3735453016813262
LAT_day_266,LAT,11.174748319313505,1.1397662791828822
LAT_day_267,LAT,41.959802192098095,4.3416270732053865
LAT_day_268,LAT,17.6008995982213,2.1833871215324647
LAT_day_269,LAT,19.924858845171276,2.35651008517804
LAT_day_270,LAT,6.8950465311458675,0.61079606511769
LAT_day_271,LAT,6.258327785172862,0.6302260303722135
LAT_day_272,LAT,14.839418227590102,1.4569525926104447
LAT_day_273,LAT,23.463624329303148,2.4058472206004784
LAT_day_274,LAT,21.90700040321967,2.255420768258474
LAT_day_275,LAT,12.284814474246922,1.3786603053434932
LAT_day_276,LAT,19.656423886353284,2.1197844002950093
LAT_day_277,LAT,11.032149986894364,1.124766513400504
LAT_day_278,LAT,10.735455276791944,0.9880963805712196
LAT_day_279,LAT,11.026483271348727,0.9918844172842877
LAT_day_280,LAT,24.64836032409999,2.035109281805429
LAT_day_281,LAT,16.520189667999176,1.8413157305734174
LAT_day_282,LAT,23.18224895618772,2.3650691936224333
LAT_day_283,LAT,9.47804480540862,0.8429507489615176
LAT_day_284,LAT,10.323920443965719,1.0738445248836324
LAT_day_285,LAT,19.108244294021365,1.6748764297518832
LAT_day_286,LAT,30.576407026769292,3.1498087568926767
LAT_day_287,LAT,27.46285369974019,2.6546858490763174
LAT_day_288,LAT,37.51721826930492,4.164003579815384
LAT_day_289,LAT,29.111137616612194,3.2550425096985554
LAT_day_290,LAT,29.739844204927056,2.647488531855673
LAT_day_291,LAT,15.38262006291516,1.4700241118906598
LAT_day_292,LAT,14.007438500073214,1.1619227580799618
LAT_day_293,LAT,17.297639530679707,1.747908988127592
LAT_day_294,LAT,13.152946437965905,1.2780629450984091
LAT_day_295,LAT,37.116371051060476,3.6730294432206803
LAT_day_296,LAT,23.944379994757295,2.237540395245359
LAT_day_297,LAT,37.1685350800916,3.5182191399938327
LAT_day_298,LAT,24.37638884932166,2.299284768497523
LAT_day_299,LAT,41.45730735748926,3.8573903836287884
LAT_day_300,LAT,25.5,2.5826057129910747
LAT_day_301,LAT,24.706611800622657,2.113220109212289
LAT_day_302,LAT,28.385001908284828,2.3498600878586977
LAT_day_303,LAT,33.307906969166744,2.6020177603728394
LAT_day_304,LAT,46.810789354592174,4.172399908601249
LAT_day_305,LAT,15.647150965378117,1.3776766726893657
LAT_day_306,LAT,20.512191496766015,1.9507569819014494
LAT_day_307,LAT,12.514991010783827,0.9392234815963905
LAT_day_308,LAT,18.053162234541258,1.69908839943136
LAT_day_309,LAT,42.109480326089674,3.751301544647697
LAT_day_310,LAT,50.79082922470683,5.300031527068463
LAT_day_311,LAT,82.90255323772202,7.651437650616062
LAT_day_312,LAT,24.58234461288562,2.2101058513049416
LAT_day_313,LAT,9.703951085339758,0.8440668864983751
LAT_day_314,LAT,117.8339226765083,11.528008123250553
LAT_day_315,LAT,58.07825181023731,5.498515223840837
LAT_day_316,LAT,89.97268103893167,8.833180743024231
LAT_day_317,LAT,31.11001982213019,3.362913915053091
LAT_day_318,LAT,87.44117069969576,7.406686036658418
LAT_day_319,LAT,16.151625305213095,1.3939514601018526
LAT_day_320,LAT,10.068515282801133,0.9160715037470011
LAT_day_321,LAT,17.135489488193794,1.4521958423930303
LAT_day_322,LAT,21.074273415707598,1.4674025898109297
LAT_day_323,LAT,27.68423137214878,2.585432695042249
LAT_day_324,LAT,31.875408494114495,3.272344626768877
LAT_day_325,LAT,58.02011145571278,4.861759975926283
LAT_day_326,LAT,53.22671634934221,4.524385185263332
LAT_day_327,LAT,17.82086791750989,1.3795802332931115
LAT_day_328,LAT,34.155282656323216,3.1669364435348006
LAT_day_329,LAT,13.549292724468438,1.0855961193815322
LAT_day_330,LAT,22.990940244655793,2.2773686641576822
LAT_day_331,LAT,14.785973082621245,1.4061998958603583
LAT_day_332,LAT,46.38336627139805,3.787838125892879
LAT_day_333,LAT,9.611191393370543,0.8115614268989211
LAT_day_334,LAT,9.8340395226648,0.7253047577744921
LAT_day_335,LAT,15.297058540778355,1.3022499526214841
LAT_day_336,LAT,30.179325152605163,2.5337506726927925
LAT_day_337,LAT,40.00468722537398,3.8602046895296698
LAT_day_338,LAT,20.849660269014777,2.31934858945972
LAT_day_339,LAT,33.231511150312336,2.9867728937308597
LAT_day_340,LAT,11.405408073950417,1.0853004942224709
LAT_day_341,LAT,9.611191393370543,0.8042571808351164
LAT_day_342,LAT,15.964805041089603,1.0565311520981515
LAT_day_343,LAT,7.480530284233421,0.6119067243702841
LAT_day_344,LAT,21.11673901592447,2.0814396916164437
LAT_day_345,LAT,29.359126917082076,2.97194574311844
LAT_day_346,LAT,49.00892775811362,4.222972658394431
LAT_day_347,LAT,17.232479024601577,1.3319888224941299
LAT_day_348,LAT,48.646685395821166,4.014262529214017
LAT_day_349,LAT,15.01943185787443,1.2317541924909705
LAT_day_350,LAT,94.19571823248302,8.5595573550466
LAT_day_351,LAT,44.792112400882964,4.158162015830156
LAT_day_352,LAT,64.84307981581381,5.922880083280329
LAT_day_353,LAT,74.46419721360506,6.115445199998915
LAT_day_354,LAT,26.054430205501202,2.2503815082904755
LAT_day_355,LAT,16.394867082921614,1.5047558576480116
LAT_day_356,LAT,18.292758129926717,1.3967403715164142
LAT_day_357,LAT,78.39084768007041,8.194531665509492
LAT_day_358,LAT,90.19452357728451,10.64157662414158
LAT_day_359,LAT,46.77472608150688,4.011324193828519
LAT_day_360,LAT,34.33110834214357,3.2392120566045186
LAT_day_361,LAT,12.791598805466032,1.3003691191301314
LAT_day_362,LAT,26.386549603917523,2.2110963603556866
LAT_day_363,LAT,20.080048140712545,1.7091685673877768
LAT_day_364,LAT,56.75825931087034,4.147320066672556
LAT_day_365,LAT,22.693611435820433,2.2598371640005137
LAT_day_366,LAT,14.732334053593362,1.4625269652806894
LAT_day_367,LAT,59.56089321022645,5.418990365708546
LAT_day_368,LAT,38.25462934948745,3.1326380745578697
LAT_day_369,LAT,30.96907059201702,2.9908602469843824
LAT_day_370,LAT,28.971250116854353,2.536428529167757
LAT_day_371,LAT,26.06961833245742,2.504546669624294
LAT_day_372,LAT,22.55825791146116,2.3050633295107574
LAT_day_373,LAT,19.98958061924595,1.9425088580170007
LAT_day_374,LAT,23.73991013743172,2.035412530924657
LAT_day_375,LAT,15.835087622113116,1.3719050030471918
LAT_day_376,LAT,10.721862400410357,1.0026019842468352
LAT_day_377,LAT,22.80350850198276,1.949916219690133
LAT_day_378,LAT,13.340102448382222,1.1648151053736178
LAT_day_379,LAT,26.888659319497503,2.54614183833226
LAT_day_380,LAT,13.347908700117284,1.4856229744260212
LAT_day_381,LAT,10.216408370851275,0.9284224604469032
LAT_day_382,LAT,13.940349110884323,1.222733131429541
LAT_day_383,LAT,36.37993952716249,3.314962073061925
LAT_day_384,LAT,21.423312846834246,1.8377917839399651
LAT_day_385,LAT,19.475411848447948,1.578781890620221
LAT_day_386,LAT,29.295193007272257,2.7820714143544882
LAT_day_387,LAT,32.617735461964045,3.104798256479761
LAT_day_388,LAT,10.317864766187494,0.9525132589481674
LAT_day_389,LAT,13.386871678377041,1.1710161746548589
LAT_day_390,LAT,17.871066000661518,1.396644383292978
LAT_day_391,LAT,10.482127646618315,0.9646318964277619
LAT_day_392,LAT,45.86937976471886,4.232010560435995
LAT_day_393,LAT,85.28212982018371,8.71144784688423
LAT_day_394,LAT,23.96438329410266,2.4353453105517087
LAT_day_395,LAT,33.85508332092341,3.1903876476774484
LAT_day_396,LAT,18.79937942238165,1.5331549804122375
LAT_day_397,LAT,15.241117631809901,1.1970349700402836
LAT_day_398,LAT,16.292892110774357,1.43113609398824
LAT_day_399,LAT,15.20690632574555,1.482837928399866
LAT_day_400,LAT,24.939927826679853,2.4209769771285985
LAT_day_401,LAT,23.475164181179508,2.515812389849231
LAT_day_402,LAT,16.844880527923017,1.7072031386750457
LAT_day_403,LAT,10.159150226930072,1.015836201314809
LAT_day_404,LAT,34.997618966628764,2.9646875480164914
LAT_day_405,LAT,25.208298898048106,2.5730006138776713
LAT_day_406,LAT,11.556022960632548,1.0597632441938634
LAT_day_407,LAT,28.56717230202061,3.0298553196126665
LAT_day_408,LAT,19.722026603098712,1.967978344946273
LAT_day_409,LAT,36.17492225285356,2.8986722508889917
LAT_day_410,LAT,19.0,1.7746402269120973
LAT_day_411,LAT,17.658803281460873,1.539687811295084
LAT_day_412,LAT,14.2828568570857,1.44596062485668
LAT_day_413,LAT,9.641490202937165,0.8900268406421811
LAT_day_414,LAT,30.426140077242792,3.1364399819014572
LAT_day_415,LAT,25.167770395223066,2.449743727042786
LAT_day_416,LAT,14.597374193098338,1.2224445870269889
LAT_day_417,LAT,18.803811670332514,1.6754734119904948
LAT_day_418,LAT,8.667467911679857,0.7651857044396639
LAT_day_419,LAT,25.118883998564375,2.2984819052852625
LAT_day_420,LAT,9.201449161228174,0.7512626035716484
LAT_day_421,LAT,34.84190484651109,3.3365003004409943
LAT_day_422,LAT,27.09320332974059,2.48923138380807
LAT_day_423,LAT,23.005434140654682,2.24952848452231
LAT_day_424,LAT,19.836834424877374,1.6864836389600488
LAT_day_425,LAT,18.09926333675858,1.7549387213241963
LAT_day_426,LAT,24.398599686594036,2.287261700258297
LAT_day_427,LAT,20.78360732243884,2.0546323940912137
LAT_day_428,LAT,29.391041719090758,3.448709691386362
LAT_day_429,LAT,26.193987859812413,2.4704154444098463
LAT_day_430,LAT,22.20360331117452,2.355432747077128
LAT_day_431,LAT,24.63145008588275,2.419867846145456
LAT_day_432,LAT,15.306588995157172,1.4942805900864167
LAT_day_433,LAT,8.696263565463044,0.858449085116348
LAT_day_434,LAT,13.703709959958532,1.4007246961118778
LAT_day_435,LAT,23.86332611630938,2.675465384038611
LAT_day_436,LAT,15.483862567202022,1.5358098984874078
LAT_day_437,LAT,14.951309864579313,1.5577853275479272
LAT_day_438,LAT,9.073771725877465,0.9161705224380378
LAT_day_439,LAT,19.610796346230646,1.7356774215621773
LAT_day_440,LAT,11.425483213705522,0.9039752040305065
LAT_day_441,LAT,9.325145217814752,0.8892049776671518
LAT_day_442,LAT,23.42719217775219,2.9441565752917236
LAT_day_443,LAT,26.65911351364357,2.5908080513101206
LAT_day_444,LAT,28.483913588784343,3.0726123813680077
LAT_day_445,LAT,31.39333793445142,2.660625773776959
LAT_day_446,LAT,27.8859283510519,2.988431321918475
LAT_day_447,LAT,12.864680330268607,1.0710550726100105
LAT_day_448,LAT,11.496376240653689,0.9698883934184546
LAT_day_449,LAT,44.08372715640092,4.360865325666655
LAT_day_450,LAT,18.732769861039415,2.245610370136477
LAT_day_451,LAT,35.676205889453364,3.3628182667959168
LAT_day_452,LAT,14.647240923350262,1.3009966429003443
LAT_day_453,LAT,16.79037422652237,1.6571086591067195
LAT_day_454,LAT,18.20485283287582,2.0174503856874852
LAT_day_455,LAT,30.382972204838683,3.0873471562016475
LAT_day_456,LAT,28.240780206408367,3.4278955327246834
LAT_day_457,LAT,23.210091196144262,2.765529291753813
LAT_day_458,LAT,13.121229617176382,1.4905911088359631
LAT_day_459,LAT,15.951750165211758,1.682775553935047
LAT_day_460,LAT,11.1280426550824,1.1633180893289499
LAT_day_461,LAT,16.343959128681153,1.67467647326597
LAT_day_462,LAT,99.3162037803164,10.852069480340615
LAT_day_463,LAT,12.501666555570367,1.439989023282312
LAT_day_464,LAT,143.42724636553544,18.687812314497208
LAT_day_465,LAT,32.25290684574028,3.826829135058173
LAT_day_466,LAT,101.84751674275945,10.129545977048972
LAT_day_467,LAT,11.148617253573049,1.1931326013267443
LAT_day_468,LAT,23.37912173999129,2.3000264491416917
LAT_day_469,LAT,26.692695630078276,2.516535542663605
LAT_day_470,LAT,30.858548248418945,3.5930324481630076
LAT_day_471,LAT,44.5121706203296,4.978056622678678
LAT_day_472,LAT,59.11922981004855,5.573054910081235
LAT_day_473,LAT,13.815751879648099,1.6099373203847582
LAT_day_474,LAT,15.540270267920054,1.6265343308182811
LAT_day_475,LAT,33.648303572889574,3.7303369564449427
LAT_day_476,LAT,25.199206336708304,2.8935692439391145
LAT_day_477,LAT,29.548688634184767,3.3432660702065173
LAT_day_478,LAT,8.509798274146496,0.997718726657416
LAT_day_479,LAT,19.055839000159505,2.1543362377171307
LAT_day_480,LAT,9.235348757175696,0.9784915666429207
LAT_day_481,LAT,90.21432813029203,9.890208259529425
LAT_day_482,LAT,77.88559986715559,7.847450191394261
LAT_day_483,LAT,18.47182539256295,2.0849987764928737
LAT_day_484,LAT,13.055969260584728,1.6024994777464652
LAT_day_485,LAT,24.044230077089182,3.2270208882720706
LAT_day_486,LAT,11.40175425099138,1.4436044292336783
LAT_day_487,LAT,12.938959257477652,1.5220430837332397
LAT_day_488,LAT,102.84575829853169,10.307943258427828
LAT_day_489,LAT,19.98541134594599,2.3866803757546293
LAT_day_490,LAT,11.178476342209315,1.1628263070705058
LAT_day_491,LAT,15.959584372198837,1.6270304118928551
LAT_day_492,LAT,16.197993702925064,1.9578389754686314
LAT_day_493,LAT,31.22632436476207,3.3310475142369733
LAT_day_494,LAT,18.709400489237133,2.0651027474053114
LAT_day_495,LAT,24.857091543460992,3.2071198979275204
LAT_day_496,LAT,12.635927614016577,1.1935203025315926
LAT_day_497,LAT,28.02082558859868,2.2089970583215224
LAT_day_498,LAT,9.313968005098578,1.1055081525806214
LAT_day_499,LAT,20.98610651518444,2.5101034895537113
LAT_day_500,LAT,11.159823773996912,1.2571577412471622
LAT_day_501,LAT,8.73212459828649,1.012366499577249
LAT_day_502,LAT,18.295035756547,1.7843532424022621
LAT_day_503,LAT,7.99218368157289,0.808596837797727
LAT_day_504,LAT,31.94852630925773,3.6056761982120045
LAT_day_505,LAT,17.0,2.3451967162993945
LAT_day_506,LAT,60.43936355279286,7.105931660655014
LAT_day_507,LAT,42.183626365372305,4.302645323577215
LAT_day_508,LAT,18.24714589554578,1.8472848316525157
LAT_day_509,LAT,15.50268793897798,1.4481491481225657
LAT_day_510,LAT,8.708233651742088,0.8969507192570555
LAT_day_511,LAT,9.082951062292475,1.0003703547475464
LAT_day_512,LAT,35.95309444262065,4.3634343278585295
LAT_day_513,LAT,21.38827560448325,3.2264166937906174
LAT_day_514,LAT,30.285447550487568,3.724712991936955
LAT_day_515,LAT,20.404247923737188,2.3077414855502854
LAT_day_516,LAT,15.959584372198837,1.4766490565204013
LAT_day_517,LAT,21.000992040060076,2.288991252436909
LAT_day_518,LAT,15.631165450257807,1.4449555262420775
LAT_day_519,LAT,11.609981337912075,1.4885491138422589
LAT_day_520,LAT,35.38184562738354,3.9837219763561866
LAT_day_521,LAT,22.243913025065233,2.5864084917170818
LAT_day_522,LAT,20.132891827388665,2.2541388783095
LAT_day_523,LAT,12.175795661885921,1.4110906833877124
LAT_day_524,LAT,7.106335201775948,0.8580972846256021
LAT_day_525,LAT,14.892671575868,1.4048737512159757
LAT_day_526,LAT,18.78163997099295,2.741537546508192
LAT_day_527,LAT,31.32424513589008,3.542883187282728
LAT_day_528,LAT,10.950646860650135,1.445751692056855
LAT_day_529,LAT,16.315892048347628,1.7319572979839364
LAT_day_530,LAT,31.150842685230845,3.51174879733444
LAT_day_531,LAT,132.51383575561712,20.238085436312435
LAT_day_532,LAT,65.2632489741866,9.299295801448402
LAT_day_533,LAT,45.70922591045853,6.3819729880395775
LAT_day_534,LAT,32.34836420387693,4.4859467735796095
LAT_day_535,LAT,105.9036511803693,10.895276109365188
LAT_day_536,LAT,39.957268842268654,4.047398533140342
LAT_day_537,LAT,20.789620807829404,2.347199859439896
LAT_day_538,LAT,27.681221071332818,3.1315074715900804
LAT_day_539,LAT,26.507860469428056,2.749751071301868
LAT_day_540,LAT,49.476425362657984,5.750558843141026
LAT_day_541,LAT,21.224985276791124,3.1154575411021512
LAT_day_542,LAT,11.396271320041482,1.3780798919938595
LAT_day_543,LAT,9.684609783913169,1.144830755168492
LAT_day_544,LAT,9.119576013536301,1.0412613163607325
LAT_day_545,LAT,8.34665601703261,0.9188790768062369
LAT_day_546,LAT,19.494657387773366,1.9127600249118082
LAT_day_547,LAT,28.461230940819593,4.0507993254137755
LAT_day_548,LAT,19.27217337683186,2.6413745300069835
LAT_day_549,LAT,10.719919153924002,1.4212717312280383
LAT_day_550,LAT,28.290163190291665,3.41816404684731
LAT_day_551,LAT,15.048532597344279,1.5280910504535274
LAT_day_552,LAT,5.5565276927232174,0.6360137795437218
LAT_day_553,LAT,31.240331837759555,2.8671601642463007
LAT_day_554,LAT,22.454583793366854,2.6191610709274005
LAT_day_555,LAT,18.7794213613377,2.2316352285667307
LAT_day_556,LAT,30.02568345045066,3.5112053325688617
LAT_day_557,LAT,17.001225446027902,1.899548578197629
LAT_day_558,LAT,7.58836829188814,0.9393058249757169
LAT_day_559,LAT,13.36506640462366,1.333328810472229
LAT_day_560,LAT,37.71714906157852,4.117347762646945
LAT_day_561,LAT,44.13190455894692,5.568074580953619
LAT_day_562,LAT,20.804646916814843,2.299628840994589
LAT_day_563,LAT,26.373123945916355,2.7453769541743114
LAT_day_564,LAT,12.25595093549796,1.2732981546707185
LAT_day_565,LAT,17.29041160103869,2.0148326493528046
LAT_day_566,LAT,7.700108224347672,0.91913035270346
LAT_day_567,LAT,9.68676072448026,1.0316987779732578
LAT_day_568,LAT,36.63673020344474,5.119715840265635
LAT_day_569,LAT,35.30757709047734,4.385507842844666
LAT_day_570,LAT,36.79051055186197,3.810684461190656
LAT_day_571,LAT,15.986973864159951,1.863687935956689
LAT_day_572,LAT,20.949343665136624,2.224694938192615
LAT_day_573,LAT,21.966831056542194,2.2397886107508533
LAT_day_574,LAT,8.339164626427918,0.9413872716900051
LAT_day_575,LAT,40.436678894291006,4.727267719240298
LAT_day_576,LAT,15.074813431681335,1.6545873011143537
LAT_day_577,LAT,12.788341044352338,1.575811116520332
LAT_day_578,LAT,10.862780491200215,1.3294949515483543
LAT_day_579,LAT,15.546971838056868,1.5761725597079173
LAT_day_580,LAT,15.917757379731606,1.4054989296764802
LAT_day_581,LAT,12.508330557405866,1.0680724809840212
LAT_day_582,LAT,22.150996967781534,2.8016045627465553
LAT_day_583,LAT,21.93456176904385,2.7389187777826214
LAT_day_584,LAT,47.11289632361823,4.685999420138246
LAT_day_585,LAT,12.799739580684184,1.4284874020697655
LAT_day_586,LAT,43.17068835834487,4.29311066462323
LAT_day_587,LAT,23.42185589003001,2.2848426916364946
LAT_day_588,LAT,8.760707733967616,0.8908022222751715
LAT_day_589,LAT,20.395056590589135,2.6331771561799555
LAT_day_590,LAT,32.39084232721753,3.9915552816959194
LAT_day_591,LAT,20.582152462752774,2.3885620393498135
LAT_day_592,LAT,30.757790341093532,3.4016330075552914
LAT_day_593,LAT,16.2916133843971,1.5670415917424292
LAT_day_594,LAT,20.152543263816604,2.3391696982710193
LAT_day_595,LAT,12.001735985542535,1.293795929871968
LAT_day_596,LAT,18.340528890956225,1.9373305929352163
LAT_day_597,LAT,22.588713996153036,2.65642672601418
LAT_day_598,LAT,26.881685215030696,2.7006227293748903
LAT_day_599,LAT,21.599575613114872,2.5301612465072636
LAT_day_600,LAT,11.478240283248997,1.187231382825955
LAT_day_601,LAT,12.35077595403085,1.432604145008174
LAT_day_602,LAT,15.102428060856086,1.6519043587222777
LAT_day_603,LAT,37.99616208689153,5.0735504671436
LAT_day_604,LAT,19.330459556530638,2.669223962464984
LAT_day_605,LAT,23.384467779561145,3.179326015352825
LAT_day_606,LAT,18.516884187141205,2.430418736833247
LAT_day_607,LAT,19.685019685029527,2.059945746747745
LAT_day_608,LAT,13.244495712055883,1.4295783400356805
LAT_day_609,LAT,13.604533558095012,1.6276168206080885
LAT_day_610,LAT,29.8475292109749,3.641748683252186
LAT_day_611,LAT,23.116552511133662,2.838698610899795
LAT_day_612,LAT,39.49894513359397,3.822634339337847
LAT_day_613,LAT,22.398846696500545,2.3714170322476287
LAT_day_614,LAT,17.015923914576803,1.8430942035895852
LAT_day_615,LAT,10.588909292273685,1.0900701849970038
LAT_day_616,LAT,16.274980798759795,1.643392429569912
LAT_day_617,LAT,15.956973397232948,1.723688630904131
LAT_day_618,LAT,15.506718973829807,1.9082761003766466
LAT_day_619,LAT,22.705542641977676,2.741897731502857
LAT_day_620,LAT,12.233832869001711,1.420975966883535
LAT_day_621,LAT,7.73789377027108,0.7531014620107662
LAT_day_622,LAT,6.522397309783165,0.7033328336953105
LAT_day_623,LAT,10.843584893075414,1.1728147537648341
LAT_day_624,LAT,27.70679820308847,3.3145737998139615
LAT_day_625,LAT,23.85284748899664,2.9424926642222626
LAT_day_626,LAT,13.419513155600443,1.6973580137177622
LAT_day_627,LAT,9.46924847422786,1.0512869272274186
LAT_day_628,LAT,6.766954016887263,0.763684782103462
LAT_day_629,LAT,45.249309386995066,4.139155321341949
LAT_day_630,LAT,14.613064930625152,1.2550717764882735
LAT_day_631,LAT,14.5,2.0389160830284174
LAT_day_632,LAT,14.217067208112931,1.8975835038677304
LAT_day_633,LAT,61.92636756665129,6.7404690631892565
LAT_day_634,LAT,15.43939765664451,1.6038001918624114
LAT_day_635,LAT,31.147498561949828,3.1504083860587695
LAT_day_636,LAT,12.252550754842845,1.4886092091520997
LAT_day_637,LAT,14.857657958103626,1.5661642211000648
LAT_day_638,LAT,20.20004125408329,2.406460603571589
LAT_day_639,LAT,12.538274735119396,1.6168312394259816
LAT_day_640,LAT,21.989580866098077,2.283062512540883
LAT_day_641,LAT,13.051181300301263,1.572572872844974
LAT_day_642,LAT,25.16942589730644,3.2582201460058737
LAT_day_643,LAT,20.882608393908395,2.180558648841999
LAT_day_644,LAT,30.22209456672386,3.3679804244045033
LAT_day_645,LAT,9.311730952585203,1.0593143152996622
LAT_day_646,LAT,48.603412088727545,4.9216749840432605
LAT_day_647,LAT,11.236102527122116,1.383285670149258
LAT_day_648,LAT,11.341296222213755,1.1210302520433388
LAT_day_649,LAT,14.338177476002079,1.5911837520531793
LAT_day_650,LAT,6.834349517937558,0.6493483656372212
LAT_day_651,LAT,16.015617378046965,1.312923671704999
LAT_day_652,LAT,41.26338166785009,4.428205065721558
LAT_day_653,LAT,29.924209819698387,2.86104174565231
LAT_day_654,LAT,28.844410203711913,2.472216767582329
LAT_day_655,LAT,22.75045787085028,2.075481957779177
LAT_day_656,LAT,11.366984355286734,1.1584243789112543
LAT_day_657,LAT,10.721862400410357,1.0938968076353397
LAT_day_658,LAT,10.336021155809101,0.9804019432026391
LAT_day_659,LAT,47.4907885805237,6.376502031835268
LAT_day_660,LAT,25.588083163847973,3.1839295160246492
LAT_day_661,LAT,22.132178684741664,2.538650177106836
LAT_day_662,LAT,14.38604648029935,1.4138336351195138
LAT_day_663,LAT,28.808997437143372,2.5552676070661073
LAT_day_664,LAT,14.436643192469178,1.2628377098399437
LAT_day_665,LAT,18.236867421060374,2.0810043579473425
LAT_day_666,LAT,19.01096175017631,1.7294662190217347
LAT_day_667,LAT,25.900450446533423,3.2856863100658975
LAT_day_668,LAT,56.89537180943045,5.300616359414963
LAT_day_669,LAT,19.132215414495697,2.3361502742295444
LAT_day_670,LAT,8.876467014903321,0.8820483905533459
LAT_day_671,LAT,13.826303434637426,1.424193346901634
LAT_day_672,LAT,21.09107236091454,1.9553826040837035
LAT_day_673,LAT,31.826351764955195,4.047574826566139
LAT_day_674,LAT,12.948616399703354,1.7660479686661665
LAT_day_675,LAT,33.66130320313421,3.7004405778919414
LAT_day_676,LAT,16.610739497887103,2.0008817756295425
LAT_day_677,LAT,9.039266194406121,0.8734797557083229
LAT_day_678,LAT,9.974968671630002,1.158688690656866
LAT_day_679,LAT,108.79663750931522,11.583145521717412
LAT_day_680,LAT,21.745689227982634,2.3665758064241733
LAT_day_681,LAT,105.24950514531332,11.825707407532315
LAT_day_682,LAT,127.84626184080106,11.574194330970403
LAT_day_683,LAT,13.796134724383252,1.4168752303071588
LAT_day_684,LAT,12.00347172002056,1.2280514060950032
LAT_day_685,LAT,9.011566641452157,0.9060897237546378
LAT_day_686,LAT,31.861680223532886,3.0373563183249215
LAT_day_687,LAT,16.457014715109583,1.7294620189424057
LAT_day_688,LAT,23.060608549356772,2.940541116076448
LAT_day_689,LAT,14.181854603682835,1.3338736965520723
LAT_day_690,LAT,19.22021505256033,2.1031083204932117
LAT_day_691,LAT,6.904105059069326,0.7802490425337802
LAT_day_692,LAT,18.20942979154848,1.8436586085556654
LAT_day_693,LAT,19.8997487421324,2.228163054475306
LAT_day_694,LAT,36.97747061838239,4.410282761206757
LAT_day_695,LAT,13.946325680981353,1.4848534076328699
LAT_day_696,LAT,37.29499519595983,4.166344123631553
LAT_day_697,LAT,15.751984002023365,1.400716807837303
LAT_day_698,LAT,19.70828928818193,1.839407603539325
LAT_day_699,LAT,24.16350554038052,2.0785563068204347
LAT_day_700,LAT,25.830376174832093,2.3973027735815804
LAT_day_701,LAT,18.65810815704529,1.8668417811412183
LAT_day_702,LAT,16.118054059552804,1.5779721744701547
LAT_day_703,LAT,77.13057111158973,6.611479179949181
LAT_day_704,LAT,48.44842618702903,4.543934225041227
LAT_day_705,LAT,15.367715076310683,1.4284847831839143
LAT_day_706,LAT,41.46082488325576,3.8913864787244594
LAT_day_707,LAT,27.562051205718827,2.646887863564948
LAT_day_708,LAT,15.881068393950494,1.434083303543191
LAT_day_709,LAT,32.186306612181106,3.2440368106797326
LAT_day_710,LAT,39.93484276501745,3.431402429043321
LAT_day_711,LAT,16.72946502432161,1.3073350594252866
LAT_day_712,LAT,19.74103171907014,1.9595329977774962
LAT_day_713,LAT,13.217727994376846,1.3826854708276817
LAT_day_714,LAT,35.52229346950072,3.904875008919683
LAT_day_715,LAT,20.755521353766728,2.4110242297472717
LAT_day_716,LAT,25.064915718988566,2.7446772088271025
LAT_day_717,LAT,52.59911279353167,5.6919698091344655
LAT_day_718,LAT,21.6794833886788,2.0814584453431255
LAT_day_719,LAT,15.209646062066446,1.5588559367442365
LAT_day_720,LAT,24.742844083357383,2.773254585274932
LAT_day_721,LAT,33.88399327115976,4.135899816407316
LAT_day_722,LAT,54.23021912796099,6.50558887140346
LAT_day_723,LAT,98.27772085608552,13.893383221084763
LAT_day_724,LAT,103.83279828647593,10.745687844066012
LAT_day_725,LAT,26.742600222616097,3.154136264894531
LAT_day_726,LAT,36.15014983832478,3.6843757612444414
LAT_day_727,LAT,19.737865470545017,1.7215813289626907
LAT_day_728,LAT,17.002450803732188,1.4580684334085057
LAT_day_729,LAT,41.21033446438729,3.5793673534505652
LAT_day_730,LAT,69.68919093613681,7.2467681817356135
LAT_day_731,LAT,66.51065077614763,5.765723437312797
LAT_day_732,LAT,18.585388526115526,1.8145968582908498
LAT_day_733,LAT,19.72836367602071,1.960828058068861
LAT_day_734,LAT,18.76832437912346,1.7350315884291478
LAT_day_735,LAT,26.083200212652844,2.9176054023510716
LAT_day_736,LAT,34.865814202453386,4.574322399566858
LAT_day_737,LAT,24.50765186630494,2.724000381135022
LAT_day_738,LAT,13.590744399529164,1.4865802254780305
LAT_day_739,LAT,30.315700002913783,2.5565639000102305
LAT_day_740,LAT,25.656383221335,2.5229164393574366
LAT_day_741,LAT,14.82256163196272,1.3637389166706948
LAT_day_742,LAT,21.002975979608223,2.2038092667921116
LAT_day_743,LAT,42.89522117905443,4.603606396409048
LAT_day_744,LAT,23.375557034361055,2.212465811324396
LAT_day_745,LAT,37.071440040368905,3.6486844345407743
LAT_day_746,LAT,14.020817855365404,1.386944643524126
LAT_day_747,LAT,12.519984025548915,1.0712528722230095
LAT_day_748,LAT,14.338177476002079,1.2541663633063567
LAT_day_749,LAT,12.737739202856996,1.2731300037862368
LAT_day_750,LAT,17.205861404378066,1.9583449828959087
LAT_day_751,LAT,16.25064101299802,1.8197511308501124
LAT_day_752,LAT,19.98541134594599,1.86234519229496
LAT_day_753,LAT,19.28730152198591,1.8151738293692286
LAT_day_754,LAT,8.8670739254841,0.9332732463527496
LAT_day_755,LAT,13.04479461956633,1.2724700424408038
LAT_day_756,LAT,14.0,1.350532024624496
LAT_day_757,LAT,26.154986777540785,2.6241940051581176
LAT_day_758,LAT,29.226129861250303,2.8480684188067182
LAT_day_759,LAT,19.15615653865183,1.7112338919397896
LAT_day_760,LAT,11.763290356018592,1.0275705060223976
LAT_day_761,LAT,30.41312764799657,2.7154350363982154
LAT_day_762,LAT,13.650396819628847,1.155492669104007
LAT_day_763,LAT,28.0111584908586,2.8168128240510253
LAT_day_764,LAT,21.61693009348614,2.4720022638892267
LAT_day_765,LAT,22.222361110677085,2.2712193778203287
LAT_day_766,LAT,17.36135555383469,1.9477784652603674
LAT_day_767,LAT,24.80675311281184,1.849486492985317
LAT_day_768,LAT,33.64954184928328,2.597037764582752
LAT_day_769,LAT,13.361948460709863,1.1486208447377835
LAT_day_770,LAT,10.101567535123777,0.9123720284764245
LAT_day_771,LAT,37.83186487605389,4.67596942316873
LAT_day_772,LAT,20.0187412191676,2.174261674171916
LAT_day_773,LAT,41.867847647886876,3.781186881728265
LAT_day_774,LAT,12.814379943381317,1.16208199279929
LAT_day_775,LAT,33.153054157950514,3.353730785851784
LAT_day_776,LAT,22.60346581094737,2.0542276314888674
LAT_day_777,LAT,18.99012901483294,2.006113201112221
LAT_day_778,LAT,24.749579121000554,2.7423161277623964
LAT_day_779,LAT,17.940875118009156,1.646983813054419
LAT_day_780,LAT,21.91650823770368,2.1910296921465027
LAT_day_781,LAT,32.53651794522579,3.350040798540028
LAT_day_782,LAT,17.420055491683524,1.876484258841785
LAT_day_783,LAT,20.481699148264042,2.253624182513297
LAT_day_784,LAT,15.748015748023622,1.7230693056173247
LAT_day_785,LAT,21.34146980255421,2.563850851466865
LAT_day_786,LAT,15.853495934125487,1.996287028537078
LAT_day_787,LAT,64.67740460676099,5.8980986718173005
LAT_day_788,LAT,10.98483803552272,0.9669415809087929
LAT_day_789,LAT,32.565958709466344,2.869363451928762
LAT_day_790,LAT,16.188988026845077,1.6786349821304332
LAT_day_791,LAT,33.811363967360634,3.751735876950366
LAT_day_792,LAT,35.037479932209735,3.908350678481548
LAT_day_793,LAT,31.010079006671365,3.1041922235214745
LAT_day_794,LAT,49.05821371934911,4.59374346875446
LAT_day_795,LAT,20.273134932713294,2.0880547904684246
LAT_day_796,LAT,21.47867159144935,2.3262602421562213
LAT_day_797,LAT,19.437935418488593,1.6514161408096746
LAT_day_798,LAT,24.90147251335417,2.611938215279215
LAT_day_799,LAT,47.22508161277578,5.220820149629942
LAT_day_800,LAT,25.135466310905525,3.446865978840694
LAT_day_801,LAT,21.39411912964246,2.2399289448697295
LAT_day_802,LAT,45.488551673287354,4.544725853575882
LAT_day_803,LAT,11.1280426550824,1.1227151810466018
LAT_day_804,LAT,14.815532390029054,1.194238211682739
LAT_day_805,LAT,31.336879231984796,2.8363870013943044
LAT_day_806,LAT,35.47475628293073,4.24655338682345
LAT_day_807,LAT,23.80235457540563,2.9194463974683837
LAT_day_808,LAT,26.71610001478509,2.917656913250824
LAT_day_809,LAT,20.428737928059416,2.4333691056758227
LAT_day_810,LAT,23.522152679265275,2.18302199959799
LAT_day_811,LAT,38.885515726724435,3.961429074635597
LAT_day_812,LAT,22.32058093628688,1.778356139765248
LAT_day_813,LAT,24.831935083678033,2.509903598433594
LAT_day_814,LAT,32.16040526278652,3.71276180251953
LAT_day_815,LAT,17.378147196982766,1.9023912187917964
LAT_day_816,LAT,16.921386861996073,1.5436710783786527
LAT_day_817,LAT,28.299734981091255,3.182934541680297
LAT_day_818,LAT,15.367715076310683,1.750762708652656
LAT_day_819,LAT,149.54542230818478,17.77641909196561
LAT_day_820,LAT,70.69977604867877,9.617017863398154
LAT_day_821,LAT,79.3780511224608,11.113891273697089
LAT_day_822,LAT,15.087246269614612,2.1395014820037943
LAT_day_823,LAT,120.5599781574853,12.647315210955037
LAT_day_824,LAT,28.93239245782024,3.2101685078105096
LAT_day_825,LAT,29.81959646496467,2.748889900440474
LAT_day_826,LAT,21.046575335035705,2.6472433029799607
LAT_day_827,LAT,45.54073268331696,5.749090882670788
LAT_day_828,LAT,49.53449976195042,5.630422445682251
LAT_day_829,LAT,42.485781935450674,4.600801955691317
LAT_day_830,LAT,45.05690846030162,4.947832469212407
LAT_day_831,LAT,12.077872329181163,1.2764648864649841
LAT_day_832,LAT,24.332762550383247,2.796582769821247
LAT_day_833,LAT,10.620342116272276,1.223241280977542
LAT_day_834,LAT,66.20422947214173,8.81627591659704
LAT_day_835,LAT,53.14720124333924,6.4600905997384315
LAT_day_836,LAT,29.201883500897676,3.9305905343977647
LAT_day_837,LAT,16.299284237863535,1.8240401583360777
LAT_day_838,LAT,52.14203358775592,5.1797763187785675
LAT_day_839,LAT,26.221810260417442,2.8187939304438467
LAT_day_840,LAT,14.58452376093691,1.7436832498726487
LAT_day_841,LAT,11.291589790636214,1.606735594226732
LAT_day_842,LAT,24.298491036825038,3.7562062764017266
LAT_day_843,LAT,88.93349575197563,10.195975894302439
LAT_day_844,LAT,42.98400865438216,4.816266697346163
LAT_day_845,LAT,28.87184326178939,3.154194373864095
LAT_day_846,LAT,100.45002903600046,13.518312009904218
LAT_day_847,LAT,27.354920337421323,3.4868357927766165
LAT_day_848,LAT,50.52722038663912,6.5498609824344065
LAT_day_849,LAT,34.191860629882854,4.391427312809996
LAT_day_850,LAT,103.32694872748993,11.020802028317956
LAT_day_851,LAT,16.72323732614791,2.0364768396443544
LAT_day_852,LAT,17.05627939108253,1.511457047819696
LAT_day_853,LAT,15.975241260567346,1.6132483908523805
LAT_day_854,LAT,25.550603384917025,3.136826945068811
LAT_day_855,LAT,20.001041639541345,2.973465599152811
LAT_day_856,LAT,22.434162936616705,3.0755369252549447
LAT_day_857,LAT,30.176563754012815,3.663567491025456
LAT_day_858,LAT,46.121217098713544,4.942479672636448
LAT_day_859,LAT,21.743773054984423,2.6693866821907672
LAT_day_860,LAT,18.530380460206423,2.215310813344895
LAT_day_861,LAT,13.549292724468438,1.5164981346037296
LAT_day_862,LAT,21.42525768028629,2.7569664907071005
LAT_day_863,LAT,21.02775943049251,2.8747851839831484
LAT_day_864,LAT,35.076701669341716,4.0860316132743595
LAT_day_865,LAT,15.924300089276556,1.8655717953594708
LAT_day_866,LAT,16.341409567924877,1.830491613217092
LAT_day_867,LAT,17.141567411801446,1.622211367218925
LAT_day_868,LAT,13.815751879648099,1.4709366800705135
LAT_day_869,LAT,42.74390794799496,6.112471930443656
LAT_day_870,LAT,15.072049186048547,2.0316843877312754
LAT_day_871,LAT,13.257073583562851,1.5729027546212109
LAT_day_872,LAT,26.414169177419407,3.500110324985111
LAT_day_873,LAT,26.35969144988866,3.3042036300927204
LAT_day_874,LAT,25.341007609538075,2.964768302898486
LAT_day_875,LAT,25.676675537667773,2.583429924775692
LAT_day_876,LAT,15.359578987285643,2.211257932321196
LAT_day_877,LAT,53.301031884945715,5.402729826329489
LAT_day_878,LAT,33.51119216023208,4.045572342930875
LAT_day_879,LAT,30.56277692444411,3.9526852857083328
LAT_day_880,LAT,22.513884604838854,3.1848464104886434
LAT_day_881,LAT,26.663020584072363,3.357304432261457
LAT_day_882,LAT,23.266571155486865,2.965751296858609
LAT_day_883,LAT,57.11282693055913,7.994660816472883
LAT_day_884,LAT,44.28412055504019,4.942415711246237
LAT_day_885,LAT,10.929699599409552,1.4714541517543283
LAT_day_886,LAT,12.469963913339926,1.390197982605762
LAT_day_887,LAT,22.0104142017667,2.674917186117431
LAT_day_888,LAT,20.82666559965853,2.1613914325751087
LAT_day_889,LAT,13.433478080278887,1.3953892323836374
LAT_day_890,LAT,35.4906090865363,4.149227535755297
LAT_day_891,LAT,72.80996955545763,8.725668790598128
LAT_day_892,LAT,63.019507561812425,6.927168581944206
LAT_day_893,LAT,15.221968773234734,1.726947662725577
LAT_day_894,LAT,19.3778223750761,1.7062711769904075
LAT_day_895,LAT,37.66021331148652,3.4357206025775384
LAT_day_896,LAT,158.58462514800522,25.3653466250651
LAT_day_897,LAT,78.26823536190571,12.327595791631145
LAT_day_898,LAT,90.05576975778213,13.543272411327326
LAT_day_899,LAT,51.724832849737986,5.95541517510265
LAT_day_900,LAT,18.627936010197157,1.869162129090297
LAT_day_901,LAT,30.3589635308366,3.7098918868526147
LAT_day_902,LAT,12.569805089976535,1.4436277289581572
LAT_day_903,LAT,35.40480193420096,4.2756697234653025
LAT_day_904,LAT,36.24339020198487,4.898004777579126
LAT_day_905,LAT,40.58478779050101,5.075684826017024
LAT_day_906,LAT,19.730475581360594,2.443327223834768
LAT_day_907,LAT,24.15488218421554,2.308235101806913
LAT_day_908,LAT,15.242484486898235,1.581856987893578
LAT_day_909,LAT,30.18277654557314,2.9386527996948604
LAT_day_910,LAT,33.485693462532126,3.961415994493251
LAT_day_911,LAT,36.5,5.572485847239427
LAT_day_912,LAT,44.86971881644308,5.427450880805306
LAT_day_913,LAT,89.72341760469597,12.01233888409656
LAT_day_914,LAT,46.49507142339569,5.890775477722007
LAT_day_915,LAT,29.342091495551802,2.553266435640651
LAT_day_916,LAT,11.157956802210698,1.3987425825757993
LAT_day_917,LAT,14.396180048887969,1.8330777704868702
LAT_day_918,LAT,35.97858159145984,4.7335088493118604
LAT_day_919,LAT,42.28770506896774,5.265419361453861
LAT_day_920,LAT,54.373323728951256,6.028810840886128
LAT_day_921,LAT,13.997023493109763,1.8061559733919357
LAT_day_922,LAT,10.501983939554787,1.3279299074611652
LAT_day_923,LAT,13.959763608313716,1.524741225048628
LAT_day_924,LAT,8.085480814398114,0.953260721951335
LAT_day_925,LAT,18.774983355518586,2.934697464059242
LAT_day_926,LAT,27.891904440775164,3.359050577722162
LAT_day_927,LAT,32.85067224071171,3.576497502155961
LAT_day_928,LAT,33.82984382661755,3.6165055191457456
LAT_day_929,LAT,21.62463872530591,2.1168145357066406
LAT_day_930,LAT,14.737989460348157,1.6134827755711507
LAT_day_931,LAT,19.088609168821076,2.022645694090966
LAT_day_932,LAT,61.95529302112398,7.391870890115916
LAT_day_933,LAT,29.16976174054221,3.2047111791048777
LAT_day_934,LAT,39.32503443524663,4.521657442586165
LAT_day_935,LAT,56.59689331874439,6.923946422736847
LAT_day_936,LAT,55.66753991331034,7.483348985396399
LAT_day_937,LAT,46.090490703976386,4.911820985543037
LAT_day_938,LAT,35.56098048891978,4.080349431215226
LAT_day_939,LAT,42.68440386526832,5.352146093863458
LAT_day_940,LAT,46.134314777614286,5.420820492237718
LAT_day_941,LAT,36.767852806493885,3.0219358165558967
LAT_day_942,LAT,26.142239128786706,2.6022281377381997
LAT_day_943,LAT,26.589471600616662,2.7215652196729545
LAT_day_944,LAT,19.72941965694886,2.494568787141345
LAT_day_945,LAT,12.802994441405755,1.3336973266459875
LAT_day_946,LAT,62.44864556844554,7.801326016951824
LAT_day_947,LAT,35.450669951356346,4.692159222003648
LAT_day_948,LAT,60.41488503120182,6.890401681548224
LAT_day_949,LAT,21.026768653314278,2.283375901801486
LAT_day_950,LAT,36.34441726959818,4.142180634753473
LAT_day_951,LAT,21.666987177116557,2.306426188738243
LAT_day_952,LAT,20.131857009890236,1.9870348015131667
LAT_day_953,LAT,35.21777486819215,4.687301473437275
LAT_day_954,LAT,13.110110602126895,1.8220210305770086
LAT_day_955,LAT,29.17261844035716,2.7060943375757294
LAT_day_956,LAT,13.711309200802088,1.4838977441243641
LAT_day_957,LAT,12.639224659764539,1.552243562894231
LAT_day_958,LAT,22.32618044658184,2.1052015639727575
LAT_day_959,LAT,29.73704199591255,2.8587487846338044
LAT_day_960,LAT,42.37973179087695,4.347384611997698
LAT_day_961,LAT,19.186583854349895,2.510396372291813
LAT_day_962,LAT,47.29076724548531,4.569095573476246
LAT_day_963,LAT,26.859976420937777,2.5165395287856422
LAT_day_964,LAT,22.09920813060957,2.871408904666532
LAT_day_965,LAT,26.974525018987823,2.580875394084675
LAT_day_966,LAT,50.11195798742386,5.5978178339404865
LAT_day_967,LAT,56.4749206875642,7.826378640482417
LAT_day_968,LAT,23.02987190585306,3.852856088558857
LAT_day_969,LAT,55.32931712332381,6.887381334099017
LAT_day_970,LAT,24.61706725018234,2.9654679007211535
LAT_day_971,LAT,30.317761570846002,3.197253005682187
LAT_day_972,LAT,24.013884872437167,2.494482357295058
LAT_day_973,LAT,16.121931232537456,1.6995815400848162
LAT_day_974,LAT,24.843677934905962,3.1849021117361147
LAT_day_975,LAT,19.692426632252985,2.5813080257934033
LAT_day_976,LAT,14.689849102923647,1.7391018654930326
LAT_day_977,LAT,9.825561900810898,1.0609944548900212
LAT_day_978,LAT,24.104805883198203,2.5426530682423625
LAT_day_979,LAT,27.51287577359614,3.178325770515066
LAT_day_980,LAT,16.30311831112891,1.8174907499181814
LAT_day_981,LAT,58.12235657071497,7.200615114829987
LAT_day_982,LAT,19.601232954417263,2.831806980778147
LAT_day_983,LAT,17.151287609583914,2.2325163137318746
LAT_day_984,LAT,37.73316401611011,4.079543739162408
LAT_day_985,LAT,24.09875515457178,2.315111704503825
LAT_day_986,LAT,26.170116545403463,2.633664329277548
LAT_day_987,LAT,12.919623317522328,1.5713877470870534
LAT_day_988,LAT,54.32502492713034,5.806837586211905
LAT_day_989,LAT,25.945455607228535,3.0754894555324097
LAT_day_990,LAT,26.885559940855487,3.3384167972863095
LAT_day_991,LAT,11.640446726822816,1.3407040614862609
LAT_day_992,LAT,14.33381782126916,1.5651545457429608
LAT_day_993,LAT,8.857670875198137,0.7441641512228161
LAT_day_994,LAT,14.860462083439174,1.2555124814053922
LAT_day_995,LAT,44.22574664905802,5.1668459011186725
LAT_day_996,LAT,15.746692774463257,2.214782172709848
LAT_day_997,LAT,17.530925056406275,2.2042822650866185
LAT_day_998,LAT,59.42432162002356,5.3161529866676
LAT_day_999,LAT,29.968733706982015,3.8077058960460617
LAT_day_1000,LAT,55.622237759131316,4.588390159871636
LAT_day_1001,LAT,48.52490769354092,4.112328584881362
LAT_day_1002,LAT,35.799790502180315,4.208377883330123
LAT_day_1003,LAT,18.188824407677735,2.5000182173274146
LAT_day_1004,LAT,51.32088593675419,5.659495264681041
LAT_day_1005,LAT,34.058161038631155,2.9365170629087136
LAT_day_1006,LAT,82.42496587806392,7.554125312457696
LAT_day_1007,LAT,14.346892811104896,1.6532882353740883
LAT_day_1008,LAT,51.38255216186392,4.630215221015901
LAT_day_1009,LAT,23.13547060251855,2.494650360333541
LAT_day_1010,LAT,19.127859263388572,2.1091910037970227
LAT_day_1011,LAT,30.135112410608325,3.2194059624539495
LAT_day_1012,LAT,16.576841275305338,1.5035329703470837
LAT_day_1013,LAT,17.08556895940743,1.8073085655606762
LAT_day_1014,LAT,21.701574443651165,2.172790711561236
LAT_day_1015,LAT,38.60807342167352,3.3226720768943556
LAT_day_1016,LAT,67.7083205128193,7.346437644581553
LAT_day_1017,LAT,16.895512224651057,2.0929799619025244
LAT_day_1018,LAT,41.938943715835286,3.8144573383702927
LAT_day_1019,LAT,14.47123583757333,1.427470669085136
LAT_day_1020,LAT,20.92347166859904,1.8798385831710567
LAT_day_1021,LAT,27.740614028291922,2.4419685471553936
LAT_day_1022,LAT,31.935481834473705,3.1601272330949968
LAT_day_1023,LAT,39.98697704670026,4.697501655029771
LAT_day_1024,LAT,32.82672310785833,3.5546177760117073
LAT_day_1025,LAT,32.027982556924606,3.1210623189272884
LAT_day_1026,LAT,18.92308995204888,1.7040909699731803
LAT_day_1027,LAT,16.02991994157592,1.4345761144575475
LAT_day_1028,LAT,37.513886317824586,2.783294943934823
LAT_day_1029,LAT,32.04228976420588,2.9664344249971855
LAT_day_1030,LAT,19.78004044485248,2.5880581045716804
LAT_day_1031,LAT,19.490382243557974,2.076308951165252
LAT_day_1032,LAT,32.688555591623604,3.5298840575729145
LAT_day_1033,LAT,13.881942707464734,1.2716708598437807
LAT_day_1034,LAT,14.30617582258329,1.2975413048482785
LAT_day_1035,LAT,10.779996907853606,1.0162256523184467
LAT_day_1036,LAT,15.596473960482221,1.2169111234082415
LAT_day_1037,LAT,43.34166586553867,5.300824827348263
LAT_day_1038,LAT,29.797231415015723,3.133984221108209
LAT_day_1039,LAT,33.26910478707435,3.113856442500267
LAT_day_1040,LAT,15.977849250342382,1.6942790226606816
LAT_day_1041,LAT,27.23967694375247,3.1004629870215306
LAT_day_1042,LAT,11.239810200058244,1.1359986700194615
LAT_day_1043,LAT,16.94968042963249,1.7675424810677003
LAT_day_1044,LAT,20.751505969447134,2.217604127475266
LAT_day_1045,LAT,20.08834653889331,2.2200056851920715
LAT_day_1046,LAT,79.45255397615192,6.907151871189668
LAT_day_1047,LAT,48.75405966002558,4.992691102830424
LAT_day_1048,LAT,32.28776858192588,3.0385877674773853
LAT_day_1049,LAT,48.266620626129054,4.616407240985692
LAT_day_1050,LAT,33.56275217161628,3.2110049188605974
LAT_day_1051,LAT,76.99729432475749,7.603181875812691
LAT_day_1052,LAT,30.55255035726696,2.753627498887212
LAT_day_1053,LAT,76.1979330428326,6.716075624644301
LAT_day_1054,LAT,12.718097341976904,1.2456229869938467
LAT_day_1055,LAT,37.4026514211671,3.4677543029188316
LAT_day_1056,LAT,26.356529867694395,2.1014092588808952
LAT_day_1057,LAT,24.22894274760388,2.213600895085289
LAT_day_1058,LAT,18.841443681416774,1.5988128274049658
LAT_day_1059,LAT,25.36401650632907,2.533548243540275
LAT_day_1060,LAT,30.152390728873666,2.581796458415633
LAT_day_1061,LAT,15.238383553820048,1.3233326242779861
LAT_day_1062,LAT,13.842868199907128,1.0949670314696813
LAT_day_1063,LAT,11.652968148358884,0.8711699523094548
LAT_day_1064,LAT,10.22456193030619,0.87283044447791
LAT_day_1065,LAT,21.052513705810366,1.9824911914574213
LAT_day_1066,LAT,20.381772902931353,1.9815714374465319
LAT_day_1067,LAT,39.43560151267718,3.77491212141865
LAT_day_1068,LAT,12.33389638354401,1.0700663366052652
LAT_day_1069,LAT,8.490190417966685,0.8064790637033725
LAT_day_1070,LAT,12.95987397058063,1.1274921474585526
LAT_day_1071,LAT,13.469100440143233,1.1911077970236694
LAT_day_1072,LAT,35.621856586464816,3.4611060783141996
LAT_day_1073,LAT,27.28094573140748,3.1405833248196036
LAT_day_1074,LAT,37.810933163129775,4.068549448711245
LAT_day_1075,LAT,7.932002689527196,0.727804558098097
LAT_day_1076,LAT,17.073371078963874,1.3084143357256592
LAT_day_1077,LAT,34.23326841928282,2.732735979907047
LAT_day_1078,LAT,63.5875380872699,6.835119421803605
LAT_day_1079,LAT,22.949219304078007,2.288406253512752
LAT_day_1080,LAT,44.60007473835292,4.24380196507728
LAT_day_1081,LAT,97.3753476673297,9.968799922889076
LAT_day_1082,LAT,34.49637662132068,3.5549828772822556
LAT_day_1083,LAT,55.11805511808268,5.609623176307114
LAT_day_1084,LAT,24.47021999628664,2.310470497576361
LAT_day_1085,LAT,34.37295448459442,3.328770717996136
LAT_day_1086,LAT,57.829130490898216,6.119579197211959
LAT_day_1087,LAT,25.585640504001457,3.0158334727728433
LAT_day_1088,LAT,88.83857082746586,10.164286655258458
LAT_day_1089,LAT,156.67016840058182,14.25408643779216
LAT_day_1090,LAT,34.11744421846396,2.6771342121335935
LAT_day_1091,LAT,10.492060490358094,0.897173079893348
LAT_day_1092,LAT,48.63340758504727,3.6482294333632046
LAT_day_1093,LAT,57.28765137444544,4.580431079091596
LAT_day_1094,LAT,36.88665070184605,3.082102244276315
