id,dataset,rmse,mape
PAN_day_0,PAN,22.315025196621054,1.8660455870325905
PAN_day_1,PAN,216.6320345416585,13.634586912548588
PAN_day_2,PAN,13.97583798617577,0.8389274577422716
PAN_day_3,PAN,40.23270838190408,3.162908445681724
PAN_day_4,PAN,19.03241904004412,1.3524415358774662
PAN_day_5,PAN,30.195946709913176,1.9935714246641756
PAN_day_6,PAN,40.53877903863575,3.4420495157447917
PAN_day_7,PAN,71.6511052929489,5.515276092028885
PAN_day_8,PAN,87.26893418967407,6.406453477833251
PAN_day_9,PAN,61.673556047892184,4.970613527243023
PAN_day_10,PAN,73.4058092749988,4.996263367954934
PAN_day_11,PAN,31.607127164817054,2.7218173209551195
PAN_day_12,PAN,17.726939345738728,1.3363058765285585
PAN_day_13,PAN,118.98642381951252,7.940512170921144
PAN_day_14,PAN,58.291490662034754,4.369962902573214
PAN_day_15,PAN,101.33112208417674,5.740632723124084
PAN_day_16,PAN,20.3684682584074,1.4498632140059495
PAN_day_17,PAN,35.98271020375041,2.292610978150496
PAN_day_18,PAN,33.55185190601134,2.670041423409859
PAN_day_19,PAN,15.050604047595586,1.1781714485337145
PAN_day_20,PAN,50.32876019020258,3.2223023159299062
PAN_day_21,PAN,26.68351125383114,2.1882858535411946
PAN_day_22,PAN,91.64077253326346,6.061494704781922
PAN_day_23,PAN,20.10289017269452,1.4122603540495646
PAN_day_24,PAN,32.402742473303846,2.410575162092063
PAN_day_25,PAN,16.509092683490604,1.17454137807007
PAN_day_26,PAN,17.941540400364662,1.2123454267373275
PAN_day_27,PAN,35.39049178875004,2.9982662581406467
PAN_day_28,PAN,20.69259610546125,1.4954390001641538
PAN_day_29,PAN,107.31982788425563,6.848676957744754
PAN_day_30,PAN,48.28165154793968,4.376075242814171
PAN_day_31,PAN,20.10309441669781,1.440924286472627
PAN_day_32,PAN,19.33552349917329,1.3122773222450241
PAN_day_33,PAN,17.241802034698974,1.2083391274312623
PAN_day_34,PAN,27.824647797591254,2.2638736673595834
PAN_day_35,PAN,71.2393077645896,6.728271454001683
PAN_day_36,PAN,207.74948671691808,18.230774051966993
PAN_day_37,PAN,114.19537599422351,10.151332108483883
PAN_day_38,PAN,125.71402732328973,8.679726448687491
PAN_day_39,PAN,27.180813787470882,1.8054695829951988
PAN_day_40,PAN,73.09517036607424,5.34984581436507
PAN_day_41,PAN,108.18149635552668,7.908382051557957
PAN_day_42,PAN,69.8174301026494,5.809021547269469
PAN_day_43,PAN,171.77808796418856,9.538029961836553
PAN_day_44,PAN,40.21794368608474,2.401644550399242
PAN_day_45,PAN,57.21952796089739,3.628675470968248
PAN_day_46,PAN,31.48538512241301,2.366917386350865
PAN_day_47,PAN,20.325640095988785,1.4052099700651044
PAN_day_48,PAN,76.13826314631768,5.116843592128382
PAN_day_49,PAN,49.77924901125552,4.607723227766124
PAN_day_50,PAN,42.200971865625725,3.2253911594640505
PAN_day_51,PAN,14.43890269480335,1.086916463248213
PAN_day_52,PAN,24.066467956050047,1.7129575021163772
PAN_day_53,PAN,25.936781992744727,1.7072801965193976
PAN_day_54,PAN,41.57797747462995,3.390457790294247
PAN_day_55,PAN,26.273330669616257,1.8418046136067912
PAN_day_56,PAN,39.0570361779251,3.484599978949309
PAN_day_57,PAN,44.65060686852419,2.5071119992365514
PAN_day_58,PAN,24.30705062986696,1.6380547233669787
PAN_day_59,PAN,21.973607135815627,1.189180269037792
PAN_day_60,PAN,26.08276386994708,1.9286124276678636
PAN_day_61,PAN,17.37507284385211,1.19063365417795
PAN_day_62,PAN,38.584024985796695,2.4712701100907912
PAN_day_63,PAN,35.187701369968494,2.9751620493282527
PAN_day_64,PAN,41.75262839805717,2.544537365184645
PAN_day_65,PAN,53.62347178361279,3.750509958632014
PAN_day_66,PAN,26.131253554970662,1.632249689952892
PAN_day_67,PAN,31.09635460303185,2.0932131338515028
PAN_day_68,PAN,15.527045287309718,1.1297012404403102
PAN_day_69,PAN,56.332734550540565,4.088338457881969
PAN_day_70,PAN,18.64461311482935,1.7164971553440889
PAN_day_71,PAN,96.02474056817772,7.060812738368198
PAN_day_72,PAN,31.047077160224198,2.2791460797694647
PAN_day_73,PAN,20.191132139630014,1.352400387861002
PAN_day_74,PAN,16.198484343308696,1.2423209346332236
PAN_day_75,PAN,29.293041261776953,2.032879154112825
PAN_day_76,PAN,51.55601487066844,3.5613342437644047
PAN_day_77,PAN,43.21728464934487,3.648302468111475
PAN_day_78,PAN,37.89710961619192,2.084885389520099
PAN_day_79,PAN,30.655991353580994,1.774829722934131
PAN_day_80,PAN,21.564489120687504,1.5339945526204686
PAN_day_81,PAN,121.79667713002613,8.176484260893977
PAN_day_82,PAN,236.2380133982983,20.034543570824415
PAN_day_83,PAN,109.60188338050088,9.073029243901862
PAN_day_84,PAN,36.02190361911763,3.273925668104998
PAN_day_85,PAN,246.7793934578328,14.839066103711918
PAN_day_86,PAN,39.59645418615999,2.9046398159254574
PAN_day_87,PAN,36.065460206003664,2.1762121984394023
PAN_day_88,PAN,24.199352141000933,1.7628681846609564
PAN_day_89,PAN,112.25652029774818,8.967438968850615
PAN_day_90,PAN,166.65057513181208,15.307402888899372
PAN_day_91,PAN,25.665157048849,2.084183682492986
PAN_day_92,PAN,155.53578212310987,8.67886388694924
PAN_day_93,PAN,25.55234874078769,1.5172314749139015
PAN_day_94,PAN,28.542792214424892,1.809888815148972
PAN_day_95,PAN,14.734925379561648,1.1074935691974799
PAN_day_96,PAN,70.0274352975318,4.787246298342116
PAN_day_97,PAN,101.69500709593,6.8407080264991444
PAN_day_98,PAN,15.25586129913134,1.140979376487841
PAN_day_99,PAN,45.14193119775578,2.559550901768857
PAN_day_100,PAN,22.905771070645777,1.3485762880187202
PAN_day_101,PAN,37.79069682819878,2.0704054019869007
PAN_day_102,PAN,16.94837908473846,1.09009461480005
PAN_day_103,PAN,18.157295482245782,1.3809112442758444
PAN_day_104,PAN,37.50684993827238,2.623022219748954
PAN_day_105,PAN,22.90615949500992,2.002162554627642
PAN_day_106,PAN,45.55080790978998,2.800581261912842
PAN_day_107,PAN,13.20885873422959,0.9819327677167845
PAN_day_108,PAN,31.652369322855055,2.3267275042398308
PAN_day_109,PAN,34.383912059154426,2.2959745794701636
PAN_day_110,PAN,191.91226414313215,14.827278497745288
PAN_day_111,PAN,21.89023576840254,1.736669415146437
PAN_day_112,PAN,50.579491394058785,4.654821930417245
PAN_day_113,PAN,199.81155451531177,11.832728015782674
PAN_day_114,PAN,20.053507762463088,1.3840669837863266
PAN_day_115,PAN,46.728823464565224,2.9503109599681254
PAN_day_116,PAN,24.751450654709103,1.6042136831302765
PAN_day_117,PAN,54.892990865212774,3.562764137867827
PAN_day_118,PAN,39.05742431396688,2.8818832048084433
PAN_day_119,PAN,26.452311532406767,2.042815943998093
PAN_day_120,PAN,48.59390492615817,2.4708827028370326
PAN_day_121,PAN,32.953050844806725,2.0845101710865057
PAN_day_122,PAN,17.376893274690964,1.2672938515969832
PAN_day_123,PAN,18.77711960770563,0.9926613085584247
PAN_day_124,PAN,17.79068132917486,1.169881862255264
PAN_day_125,PAN,21.05623324852408,1.6063374727203528
PAN_day_126,PAN,56.38894329331844,5.064932966184038
PAN_day_127,PAN,71.5502667091436,4.7391759012017625
PAN_day_128,PAN,49.44741617949651,3.679115717368078
PAN_day_129,PAN,29.376285590208653,1.9357281378960551
PAN_day_130,PAN,48.244830543865,3.380790140474309
PAN_day_131,PAN,30.277133459771804,1.9161445029431738
PAN_day_132,PAN,55.95985838370365,4.137035514042082
PAN_day_133,PAN,45.17471203313035,3.4776415345773617
PAN_day_134,PAN,52.96111074963797,3.660066351068341
PAN_day_135,PAN,50.05513998201131,3.408259323757056
PAN_day_136,PAN,35.29762296738855,2.5206624429148117
PAN_day_137,PAN,39.42158180163923,2.263302879848993
PAN_day_138,PAN,112.81566223585345,8.241120210556955
PAN_day_139,PAN,107.14536148373969,9.003583366200841
PAN_day_140,PAN,104.71047740592469,8.486760489718126
PAN_day_141,PAN,115.72701102444348,10.338327436714012
PAN_day_142,PAN,84.43917952291905,6.750396230618651
PAN_day_143,PAN,37.99937709287154,2.4865710442273867
PAN_day_144,PAN,47.71546882808726,3.5803112161951582
PAN_day_145,PAN,86.73761472484127,6.106735776234299
PAN_day_146,PAN,44.043660621526065,3.3332859348587562
PAN_day_147,PAN,88.83303418796176,7.346091949555211
PAN_day_148,PAN,182.95041724106903,12.311548255766082
PAN_day_149,PAN,95.62602787510531,7.44145301458697
PAN_day_150,PAN,25.16909385231552,1.635119066544401
PAN_day_151,PAN,67.84536198232651,4.265199739608039
PAN_day_152,PAN,39.694534772182436,2.244340343792355
PAN_day_153,PAN,39.7093873670425,2.6413433164954268
PAN_day_154,PAN,61.77544209538959,5.169834203845293
PAN_day_155,PAN,150.00414509007743,8.535307020436955
PAN_day_156,PAN,25.19360283509485,1.6599031183088468
PAN_day_157,PAN,41.848439251671415,2.2820935786196452
PAN_day_158,PAN,39.123222425604624,2.9115796980515465
PAN_day_159,PAN,135.44356008345935,11.44398136139304
PAN_day_160,PAN,67.28451601387387,5.0919538422317725
PAN_day_161,PAN,41.348346279899744,3.3875101021319827
PAN_day_162,PAN,64.10762017934502,3.502089598899935
PAN_day_163,PAN,36.44592658925229,2.687988368548042
PAN_day_164,PAN,79.96926625454044,5.90347483607512
PAN_day_165,PAN,65.82116040313011,4.817876360202054
PAN_day_166,PAN,31.614154583502362,2.2763254911799717
PAN_day_167,PAN,38.74875885134904,2.8267713834787007
PAN_day_168,PAN,23.07891401773308,1.7095385890460015
PAN_day_169,PAN,43.058099988779695,2.9852446115499336
PAN_day_170,PAN,65.94456332549335,4.915184745986114
PAN_day_171,PAN,39.0766175316945,2.78402369587106
PAN_day_172,PAN,23.420428917071177,1.581559240086301
PAN_day_173,PAN,31.205001818552,2.1142628607293656
PAN_day_174,PAN,52.03792774745329,4.026403908297225
PAN_day_175,PAN,39.386693190202784,2.9585084091826013
PAN_day_176,PAN,43.141684755263086,2.861121487718739
PAN_day_177,PAN,54.04339193218956,3.8534931329342643
PAN_day_178,PAN,55.046126999892856,4.387021242972997
PAN_day_179,PAN,24.436453943468347,1.8917887354745218
PAN_day_180,PAN,67.53569795711437,5.125544228605014
PAN_day_181,PAN,49.890381221258465,3.788065143880731
PAN_day_182,PAN,23.775393456383306,1.9405941556808928
PAN_day_183,PAN,104.29271790748186,6.990529492264373
PAN_day_184,PAN,30.148200802238314,1.7193182810840189
PAN_day_185,PAN,19.293785688121634,1.4486842375548916
PAN_day_186,PAN,16.829885720311648,1.22434337904478
PAN_day_187,PAN,33.35103860463594,2.1846447076222204
PAN_day_188,PAN,39.1125915852715,3.047249362812013
PAN_day_189,PAN,34.16730102885898,3.0581696294327982
PAN_day_190,PAN,37.57760412906091,2.6170072995747518
PAN_day_191,PAN,36.242680166477534,2.6594229835114382
PAN_day_192,PAN,24.521211134435905,1.7140440127971321
PAN_day_193,PAN,26.744023036348693,1.7662157423745828
PAN_day_194,PAN,33.6394656489591,2.3284074843707927
PAN_day_195,PAN,29.132556830374494,2.3326231584748838
PAN_day_196,PAN,43.60502109735568,3.256704194129086
PAN_day_197,PAN,95.60041267046567,5.915348943164909
PAN_day_198,PAN,47.227430516830836,3.439131194950156
PAN_day_199,PAN,38.71221685822079,2.4095457154963933
PAN_day_200,PAN,26.621161280932423,1.7290576033504608
PAN_day_201,PAN,24.800781346797663,1.553492817696963
PAN_day_202,PAN,40.9348692446,3.2172604234136433
PAN_day_203,PAN,20.523965711506207,1.5815063108266751
PAN_day_204,PAN,52.71468312613827,3.5023451182340715
PAN_day_205,PAN,29.67084846659962,1.9910281076929315
PAN_day_206,PAN,19.07046320458682,1.2469677010904285
PAN_day_207,PAN,17.84744792800687,1.2292722690069722
PAN_day_208,PAN,20.901323867650493,1.4484312219055067
PAN_day_209,PAN,38.52730447817169,2.2975076191233543
PAN_day_210,PAN,54.37613069727071,5.037246725361387
PAN_day_211,PAN,27.144592633493932,2.1080708586714283
PAN_day_212,PAN,24.532956488339316,1.842807530306383
PAN_day_213,PAN,25.06723492685059,1.4317704998991927
PAN_day_214,PAN,23.16895281581942,1.5700648094052094
PAN_day_215,PAN,74.94400691933001,5.539488346685284
PAN_day_216,PAN,25.72131547659773,2.0584122757868863
PAN_day_217,PAN,34.92180936086002,2.850034392553584
PAN_day_218,PAN,94.09999231412253,5.867976378361406
PAN_day_219,PAN,69.11168636526556,4.336117855686816
PAN_day_220,PAN,18.03755161071385,1.1611899277068871
PAN_day_221,PAN,70.52100798471628,5.435559024123297
PAN_day_222,PAN,76.78678821782538,5.809892426851596
PAN_day_223,PAN,32.33087521141749,2.5149714134086154
PAN_day_224,PAN,41.589351837820224,3.319127812901166
PAN_day_225,PAN,63.70287842882049,4.635856609191404
PAN_day_226,PAN,44.734673211121525,3.0717336022038455
PAN_day_227,PAN,37.948446963490255,3.4218414208126346
PAN_day_228,PAN,98.76786910898497,7.0781491560700145
PAN_day_229,PAN,27.65373773633501,1.9955268733599996
PAN_day_230,PAN,26.125249302965205,1.7448926674742484
PAN_day_231,PAN,15.953254388982323,1.327541693274315
PAN_day_232,PAN,54.5439177035732,3.3399799655225473
PAN_day_233,PAN,26.352545066289778,1.6611571652534278
PAN_day_234,PAN,30.237517590914017,2.220179807261964
PAN_day_235,PAN,33.43014943334581,2.395935571465537
PAN_day_236,PAN,48.30075327250775,3.397820269935629
PAN_day_237,PAN,31.142159705995834,2.201728482996413
PAN_day_238,PAN,36.057707129128474,3.275824762214849
PAN_day_239,PAN,41.74488250571361,3.0052203936489286
PAN_day_240,PAN,65.33637686672589,4.231935998400804
PAN_day_241,PAN,28.27596871774834,1.850465763872398
PAN_day_242,PAN,25.737060011902113,1.9988480574493306
PAN_day_243,PAN,47.72274706199689,3.5045478371392
PAN_day_244,PAN,30.5316282181077,2.6263825452743266
PAN_day_245,PAN,20.031440484616937,1.740949964108246
PAN_day_246,PAN,102.15209521366697,6.75199568619262
PAN_day_247,PAN,30.208366661027593,1.90430082565341
PAN_day_248,PAN,42.06881686340947,2.8344098570819525
PAN_day_249,PAN,45.50761241108918,2.7646000788681113
PAN_day_250,PAN,16.064743948784237,1.2427598092238445
PAN_day_251,PAN,45.38807548995752,3.3233036927869994
PAN_day_252,PAN,52.093310053943114,4.129161258783295
PAN_day_253,PAN,47.754838004637485,3.0838106392710785
PAN_day_254,PAN,36.179221129791244,2.277955152640974
PAN_day_255,PAN,118.61989985302846,10.850078614021792
PAN_day_256,PAN,62.141386146673604,4.709158300203029
PAN_day_257,PAN,45.17828832514113,3.2139316704355485
PAN_day_258,PAN,48.423532212482534,3.4252473770125365
PAN_day_259,PAN,74.87911766335736,5.137420357710776
PAN_day_260,PAN,92.08189231748416,5.271249938141452
PAN_day_261,PAN,28.929464282436193,2.196537383910674
PAN_day_262,PAN,45.08573174885359,3.0684339733793715
PAN_day_263,PAN,48.74032919261181,3.848583481475481
PAN_day_264,PAN,66.43689795831956,4.301000683834689
PAN_day_265,PAN,30.462732121574945,2.2355348255643985
PAN_day_266,PAN,60.6837568389083,4.561216345132774
PAN_day_267,PAN,73.53097932196106,4.938985134190502
PAN_day_268,PAN,56.894402188465946,3.5392716388806553
PAN_day_269,PAN,36.81673179166187,2.803780853707168
PAN_day_270,PAN,31.338868899133598,2.3964905726955625
PAN_day_271,PAN,22.878660444469485,1.2401641538900885
PAN_day_272,PAN,53.53357500412708,3.7999378116157994
PAN_day_273,PAN,31.918759526667856,2.6128018664213037
PAN_day_274,PAN,47.290018868758146,3.453915599315475
PAN_day_275,PAN,23.1529578522738,1.599368526270014
PAN_day_276,PAN,48.35781981826985,3.066252796396134
PAN_day_277,PAN,51.469327715717405,3.9148941822591925
PAN_day_278,PAN,39.64273458142005,2.7901627521611685
PAN_day_279,PAN,69.75009803189647,4.860137753558472
PAN_day_280,PAN,92.95761899519947,7.427591961680771
PAN_day_281,PAN,32.02318461936339,2.0390949495738337
PAN_day_282,PAN,50.429810553369634,2.818698069044457
PAN_day_283,PAN,32.55341538708599,2.6316392437316223
PAN_day_284,PAN,25.03327845954094,1.5552442940389022
PAN_day_285,PAN,47.85696665345166,3.4564743099882658
PAN_day_286,PAN,31.19702641553624,2.7023351598345067
PAN_day_287,PAN,37.36109204403022,3.0396256532743258
PAN_day_288,PAN,29.723483223896373,2.1501976388756727
PAN_day_289,PAN,14.173129141971431,1.0630667953167334
PAN_day_290,PAN,15.437471452254298,1.042835809945159
PAN_day_291,PAN,38.94528183335135,2.3941645308827817
PAN_day_292,PAN,44.71331730381525,3.057499586332524
PAN_day_293,PAN,30.35799840517733,2.363615454263489
PAN_day_294,PAN,57.55059472947115,4.5545612684040355
PAN_day_295,PAN,151.8905374256244,13.00738529422643
PAN_day_296,PAN,91.73533924179203,7.0170806831273955
PAN_day_297,PAN,50.929017582088356,4.557359472610736
PAN_day_298,PAN,82.1693568674225,6.318509394330024
PAN_day_299,PAN,139.6291850593609,8.747047824184484
PAN_day_300,PAN,70.52120969289429,4.790018019255194
PAN_day_301,PAN,83.00669497439651,6.128129444220002
PAN_day_302,PAN,165.96020942436397,10.57101883449401
PAN_day_303,PAN,17.71549931056136,1.5014130026739723
PAN_day_304,PAN,213.30704867118592,13.867325506001613
PAN_day_305,PAN,130.72344529926525,7.984309464881421
PAN_day_306,PAN,18.15626152719083,1.1207441257628314
PAN_day_307,PAN,37.26378601330541,2.9369893409989607
PAN_day_308,PAN,55.29409761463771,4.801431250854943
PAN_day_309,PAN,46.00349119397988,3.480396165819614
PAN_day_310,PAN,177.76968872940392,11.485746874130172
PAN_day_311,PAN,12.371590755587974,0.9365247229114122
PAN_day_312,PAN,31.696002211457994,2.6251508821085867
PAN_day_313,PAN,68.63507141663254,4.687624765308946
PAN_day_314,PAN,29.373331033588098,2.2766929850865747
PAN_day_315,PAN,27.594896899902526,1.710520299129811
PAN_day_316,PAN,183.98066767738806,11.492525212705512
PAN_day_317,PAN,103.25733254878922,6.9040792793413175
PAN_day_318,PAN,34.781993739918796,2.438502434267476
PAN_day_319,PAN,57.610590426695865,4.059652101892194
PAN_day_320,PAN,54.617727400683904,3.6599201989576273
PAN_day_321,PAN,41.549949296825254,3.02539224760092
PAN_day_322,PAN,37.54885110661401,3.0179241799079426
PAN_day_323,PAN,25.29775482523927,1.6486723511065424
PAN_day_324,PAN,27.07806889839544,1.8729088249238746
PAN_day_325,PAN,29.0851048066274,2.140734804108315
PAN_day_326,PAN,23.480337479208014,1.6816489669798613
PAN_day_327,PAN,20.02237596028504,1.284806549910914
PAN_day_328,PAN,84.10575123737578,5.55177166095542
PAN_day_329,PAN,24.928070759679414,1.7045482629552233
PAN_day_330,PAN,59.3012708237634,4.061750540845016
PAN_day_331,PAN,216.24916777636685,15.664785643081943
PAN_day_332,PAN,33.990360964366296,2.5769513065346796
PAN_day_333,PAN,35.13055876991804,2.225860400821032
PAN_day_334,PAN,16.995351583496795,1.011134829467986
PAN_day_335,PAN,42.37816674617073,3.033033748804696
PAN_day_336,PAN,110.15227939012239,7.755062642990924
PAN_day_337,PAN,15.882647481239802,1.2132589475251114
PAN_day_338,PAN,177.29394106055088,9.997498557927473
PAN_day_339,PAN,23.210246790094313,1.7767808847975834
PAN_day_340,PAN,19.47533216096711,1.3890858928965488
PAN_day_341,PAN,37.2473201143608,2.494935310397775
PAN_day_342,PAN,18.64515305297196,1.3386519642499128
PAN_day_343,PAN,11.89057211898009,0.9201761501249603
PAN_day_344,PAN,27.931803695682937,1.7743650763292758
PAN_day_345,PAN,25.319521897630366,1.5814524663865575
PAN_day_346,PAN,16.804969616753265,1.1463650093410946
PAN_day_347,PAN,96.08519444441825,5.320307216210131
PAN_day_348,PAN,234.2673415736709,17.40336178028038
PAN_day_349,PAN,28.437249034680146,2.248332327807402
PAN_day_350,PAN,135.77735496740766,9.613964843269567
PAN_day_351,PAN,185.3100426156043,10.489267116684664
PAN_day_352,PAN,15.639536492905286,1.0346935015199723
PAN_day_353,PAN,37.29207386830568,2.705949651786189
PAN_day_354,PAN,88.2559940394348,4.9830684708073
PAN_day_355,PAN,50.05555145892078,4.286432456970124
PAN_day_356,PAN,32.9398064119615,2.8702571761817284
PAN_day_357,PAN,110.58912485892883,8.509818400346614
PAN_day_358,PAN,186.48660568643734,10.596724435803305
PAN_day_359,PAN,12.899195849871145,0.8455046271895849
PAN_day_360,PAN,27.918856927688637,1.541202395110948
PAN_day_361,PAN,36.55750536819814,2.3898983113988232
PAN_day_362,PAN,34.76377491618133,2.281588820087563
PAN_day_363,PAN,26.74493382468288,2.0327088449247332
PAN_day_364,PAN,15.745324057848606,1.169048626487007
PAN_day_365,PAN,65.73576012431325,3.7222849533704507
PAN_day_366,PAN,36.90275224616837,2.807657262308226
PAN_day_367,PAN,13.544951289748782,1.0014234504529578
PAN_day_368,PAN,46.377837186001365,3.4739583631608317
PAN_day_369,PAN,60.61102070288044,5.227696689854334
PAN_day_370,PAN,105.95622401465893,7.322374507325442
PAN_day_371,PAN,31.37075033643335,2.683447049663326
PAN_day_372,PAN,22.55549945127944,1.42351969562292
PAN_day_373,PAN,22.05948457188163,1.4345017712289703
PAN_day_374,PAN,28.288137512635053,1.5567899346481964
PAN_day_375,PAN,43.16406841394049,1.7440057461604719
PAN_day_376,PAN,16.479555513701406,1.155457906024821
PAN_day_377,PAN,34.33939896672989,2.4538071757226736
PAN_day_378,PAN,24.072278977981092,1.9377444739003606
PAN_day_379,PAN,30.43494420840541,2.1290111190400767
PAN_day_380,PAN,16.346912763449673,0.9917798293709802
PAN_day_381,PAN,17.810792588016227,1.231190569515713
PAN_day_382,PAN,16.65025582084501,1.2411439518114924
PAN_day_383,PAN,11.467155060141696,0.7953573038702364
PAN_day_384,PAN,24.662257152022807,1.9438512339214236
PAN_day_385,PAN,25.92692802004637,2.312832723198522
PAN_day_386,PAN,26.254751616461405,2.057023478397569
PAN_day_387,PAN,17.932511762217885,1.2146532898578695
PAN_day_388,PAN,22.707268679277924,1.7171664189131413
PAN_day_389,PAN,15.566594566263248,1.115822744614918
PAN_day_390,PAN,20.53342951029287,1.2627901934803862
PAN_day_391,PAN,34.960881714561815,2.638521194345474
PAN_day_392,PAN,75.10096545860225,7.468644032490118
PAN_day_393,PAN,183.38104046389765,15.246072531089954
PAN_day_394,PAN,107.11613489692508,8.687246352284287
PAN_day_395,PAN,169.86459169676152,12.0881927212693
PAN_day_396,PAN,38.935488691959016,2.681102919090707
PAN_day_397,PAN,53.36964248044404,3.971951074461998
PAN_day_398,PAN,69.32983482337046,4.601199617615722
PAN_day_399,PAN,94.85083525682798,7.182318246071125
PAN_day_400,PAN,182.85880681179722,10.805972265628665
PAN_day_401,PAN,58.32974600490805,3.8751960693837932
PAN_day_402,PAN,41.881519383817555,2.7352436476503454
PAN_day_403,PAN,17.89056842906338,1.1820839887546064
PAN_day_404,PAN,14.733801605477922,0.9935153597217224
PAN_day_405,PAN,13.194639400276678,0.9554035928656952
PAN_day_406,PAN,26.657471309051747,2.3260557116320366
PAN_day_407,PAN,23.65066630903346,1.5068865868656593
PAN_day_408,PAN,12.300578481959006,0.8867079073207851
PAN_day_409,PAN,26.988639784461466,1.9666958512438333
PAN_day_410,PAN,22.684697319825176,1.5985020158820644
PAN_day_411,PAN,16.00133854863137,1.1103703513962175
PAN_day_412,PAN,36.59082652892091,2.482579889669524
PAN_day_413,PAN,41.984811616975456,3.706064338514079
PAN_day_414,PAN,30.564847383104997,2.4616547934011703
PAN_day_415,PAN,25.94182971373164,2.060336347623858
PAN_day_416,PAN,28.627684546948352,1.9703698941855812
PAN_day_417,PAN,21.441769337294676,1.4234559813808507
PAN_day_418,PAN,30.71097141809966,2.0166935989901362
PAN_day_419,PAN,14.483487480345797,1.081630600255473
PAN_day_420,PAN,59.641938421421116,5.2240706285265475
PAN_day_421,PAN,33.15156809385745,2.201381873860117
PAN_day_422,PAN,32.91172558611013,2.343223336286632
PAN_day_423,PAN,15.185158334593247,1.0648305345674836
PAN_day_424,PAN,18.681173600445998,1.2767899629249053
PAN_day_425,PAN,19.634886530293482,1.4238588451461256
PAN_day_426,PAN,26.489326280763546,1.8396598973021052
PAN_day_427,PAN,19.49348405584328,1.6348182243965887
PAN_day_428,PAN,25.98053285507727,1.9689816201221022
PAN_day_429,PAN,13.855045212184116,0.8771373182179083
PAN_day_430,PAN,17.82257804227313,1.409781709548441
PAN_day_431,PAN,11.278240283875524,0.7541444187677021
PAN_day_432,PAN,18.404073444020927,1.012629747432941
PAN_day_433,PAN,18.92719284877141,1.3241095055105707
PAN_day_434,PAN,33.37491433678768,2.487470419703087
PAN_day_435,PAN,22.743814522836036,1.507104523846161
PAN_day_436,PAN,26.10250633551147,1.7544809600777682
PAN_day_437,PAN,16.16527328483293,1.0493140207125626
PAN_day_438,PAN,103.11553469360028,6.49764564722139
PAN_day_439,PAN,219.8890278095948,18.29164623230007
PAN_day_440,PAN,36.625314825711726,2.9251740157369155
PAN_day_441,PAN,18.37654168710525,1.4748446750752686
PAN_day_442,PAN,213.0714614683905,12.257655029671238
PAN_day_443,PAN,29.267953597129885,1.9333094512219169
PAN_day_444,PAN,21.61673668869408,1.5916230358361787
PAN_day_445,PAN,29.39437882585575,1.5465563694693027
PAN_day_446,PAN,78.62654550252897,4.507730103971438
PAN_day_447,PAN,100.15897666295733,6.477900972497699
PAN_day_448,PAN,23.34054987978718,1.8251820014162965
PAN_day_449,PAN,47.268786220119246,3.2570539270850887
PAN_day_450,PAN,21.514956222464956,1.3571931174003058
PAN_day_451,PAN,14.550542306288232,1.0376777624666536
PAN_day_452,PAN,18.50971254112284,1.0444946605263703
PAN_day_453,PAN,27.60711568232153,2.0089356844215525
PAN_day_454,PAN,30.344719153935966,2.2438447647695243
PAN_day_455,PAN,33.58270254682213,2.7131362628971702
PAN_day_456,PAN,57.67272344525185,4.104625967658978
PAN_day_457,PAN,20.515976601054113,1.4038966099046202
PAN_day_458,PAN,22.368027482007268,1.5584229839941983
PAN_day_459,PAN,15.3789176624202,1.012435088932417
PAN_day_460,PAN,20.943367409546404,1.4870114870595286
PAN_day_461,PAN,31.08294215423202,2.4640029858976895
PAN_day_462,PAN,29.417420873898564,2.2845177947253354
PAN_day_463,PAN,55.491927869477095,3.445719517429293
PAN_day_464,PAN,21.275923158672807,1.2846877571638862
PAN_day_465,PAN,26.603686228259168,1.5626256601346133
PAN_day_466,PAN,22.793264986632174,1.3101536257841317
PAN_day_467,PAN,30.171612678310705,1.4961788253057362
PAN_day_468,PAN,40.31560766444346,3.2656822127811314
PAN_day_469,PAN,43.407718840134486,3.1125230213520436
PAN_day_470,PAN,26.3160478933087,1.8947547619683864
PAN_day_471,PAN,33.122729336615144,2.2618856749511003
PAN_day_472,PAN,30.431151382855194,2.23486135595566
PAN_day_473,PAN,51.33838494326962,3.571680558551698
PAN_day_474,PAN,27.50667430713411,1.4864760678299676
PAN_day_475,PAN,56.31586710843951,3.934739078142614
PAN_day_476,PAN,43.14730681580351,3.2425976008798894
PAN_day_477,PAN,157.86624113184658,11.272398075099337
PAN_day_478,PAN,42.73880180480518,2.5993933084760186
PAN_day_479,PAN,18.410042969090256,1.1399718318205532
PAN_day_480,PAN,63.91875947931223,4.257440246878462
PAN_day_481,PAN,44.99963522803542,2.847959307603627
PAN_day_482,PAN,78.54373728529644,5.71325385881131
PAN_day_483,PAN,35.957990287457925,2.8695993527959027
PAN_day_484,PAN,260.88527212408343,13.602735649370826
PAN_day_485,PAN,62.24465966793186,4.420406207228551
PAN_day_486,PAN,24.825779172716828,1.7725112095997193
PAN_day_487,PAN,24.573302538273104,1.6640418810751738
PAN_day_488,PAN,19.362230423709796,1.3049563985267993
PAN_day_489,PAN,62.58795647975131,4.385366728106841
PAN_day_490,PAN,21.98144739067851,1.4818124566971602
PAN_day_491,PAN,69.17136490541384,3.8223259513563237
PAN_day_492,PAN,69.75310238832273,4.943098448537894
PAN_day_493,PAN,96.52644794209684,7.09195024070328
PAN_day_494,PAN,42.31780633699996,2.5495748030215886
PAN_day_495,PAN,34.61809912127496,2.53997789027724
PAN_day_496,PAN,30.27829170795612,2.3394842952892865
PAN_day_497,PAN,35.185323305913585,2.7076690685003606
PAN_day_498,PAN,66.54458085174305,3.7803773298609054
PAN_day_499,PAN,41.407173694995166,2.366187342224604
PAN_day_500,PAN,65.42837707303181,4.214102874773428
PAN_day_501,PAN,51.58467483161382,3.1423602227211362
PAN_day_502,PAN,35.026995525945175,2.431386354475416
PAN_day_503,PAN,25.34071991053465,1.8214655258034347
PAN_day_504,PAN,49.97745510246346,4.148730632158284
PAN_day_505,PAN,73.16210144282067,4.928714848128496
PAN_day_506,PAN,41.83653847781166,2.9020246474274685
PAN_day_507,PAN,68.45287698513545,4.724052968783496
PAN_day_508,PAN,60.717779639499625,4.333507278002118
PAN_day_509,PAN,38.041621268306216,2.413107140676731
PAN_day_510,PAN,31.616529029034005,2.1345118898328685
PAN_day_511,PAN,60.535724203946295,4.394105890454594
PAN_day_512,PAN,111.21270393715334,6.263153914340242
PAN_day_513,PAN,65.94090122663184,3.7460639055131923
PAN_day_514,PAN,33.99990847539765,1.9774177968462199
PAN_day_515,PAN,62.74760693916275,3.6710760790558044
PAN_day_516,PAN,46.8020077673268,2.9323182395390788
PAN_day_517,PAN,30.110010969408773,2.37662303281088
PAN_day_518,PAN,20.589241993565047,1.3146870260508374
PAN_day_519,PAN,72.05525527899289,3.9400341846006492
PAN_day_520,PAN,83.83940089133458,5.711554670098294
PAN_day_521,PAN,121.59186600472088,8.117065191453253
PAN_day_522,PAN,51.03552158649731,3.2050658666891003
PAN_day_523,PAN,42.49278101662781,2.2306571401697126
PAN_day_524,PAN,88.47258649607468,6.112213934959043
PAN_day_525,PAN,62.31055997089296,5.1017883622833695
PAN_day_526,PAN,151.38218013432095,8.893246561560469
PAN_day_527,PAN,72.75811118751642,5.630417024799559
PAN_day_528,PAN,31.051054861174464,2.286292963011602
PAN_day_529,PAN,44.55070743901923,2.768866717186154
PAN_day_530,PAN,60.91523888053382,4.098747470190727
PAN_day_531,PAN,33.62428268622125,2.452804739794559
PAN_day_532,PAN,56.17174270095685,4.6706719905652445
PAN_day_533,PAN,108.4072666069139,6.227654198624007
PAN_day_534,PAN,38.739006408748835,2.6283303516811176
PAN_day_535,PAN,37.607051612314024,2.1376923637088154
PAN_day_536,PAN,57.95437176196607,3.4101597647678763
PAN_day_537,PAN,83.39461602797718,5.715794642513714
PAN_day_538,PAN,54.01549295324906,4.649127030875527
PAN_day_539,PAN,45.06794097682781,4.11451424054036
PAN_day_540,PAN,87.87361191138149,5.4067096370337655
PAN_day_541,PAN,43.99028896972129,3.1600441793325613
PAN_day_542,PAN,19.708858473824645,1.3030523033028567
PAN_day_543,PAN,24.395886811655007,1.4269945132934452
PAN_day_544,PAN,56.15915208454818,3.7217869931033447
PAN_day_545,PAN,104.172905862895,7.861969081863367
PAN_day_546,PAN,31.271766365205547,2.4688939920543125
PAN_day_547,PAN,47.746581219588364,2.9742269722445633
PAN_day_548,PAN,67.79301768251408,5.303474366612148
PAN_day_549,PAN,24.50071417289026,1.4512300959647748
PAN_day_550,PAN,27.502510186200876,1.9004145928270908
PAN_day_551,PAN,25.950063868458646,1.6605811655623919
PAN_day_552,PAN,14.815347177153269,1.0529246696532746
PAN_day_553,PAN,65.77333728408688,5.239437215565193
PAN_day_554,PAN,39.528151305061485,3.2545210070745254
PAN_day_555,PAN,12.677718515191007,0.8731001360396442
PAN_day_556,PAN,19.06390447287318,1.34266264742259
PAN_day_557,PAN,83.87489410405635,5.3574705478171465
PAN_day_558,PAN,84.80316690215153,5.322249268412295
PAN_day_559,PAN,31.04108783566817,2.6054346712651704
PAN_day_560,PAN,43.96317659550433,4.0274290658741005
PAN_day_561,PAN,50.365508589737445,3.503790713502122
PAN_day_562,PAN,28.544725837855488,1.8904773031929
PAN_day_563,PAN,30.20448738020286,1.9948243068492368
PAN_day_564,PAN,42.59398791664048,2.3433510569186846
PAN_day_565,PAN,29.19140324879483,1.8502305729005315
PAN_day_566,PAN,37.1962833351891,3.1317292293430476
PAN_day_567,PAN,47.276480200884066,3.6500581486445327
PAN_day_568,PAN,27.796806684521627,1.9460599292061957
PAN_day_569,PAN,49.3284940922629,3.37692981901355
PAN_day_570,PAN,68.21775506763558,4.191612893693672
PAN_day_571,PAN,73.13646865810459,4.383058787761796
PAN_day_572,PAN,29.390657128244023,1.7573983787227774
PAN_day_573,PAN,123.71596616860603,8.018916004489242
PAN_day_574,PAN,63.29642264502065,4.905001813489326
PAN_day_575,PAN,50.330714836158954,3.2909854369798195
PAN_day_576,PAN,47.317065385523634,2.7922207586749996
PAN_day_577,PAN,50.25261249369693,3.3184672758292058
PAN_day_578,PAN,26.60730996092366,1.8792346644194935
PAN_day_579,PAN,22.14475673458996,1.599701742063973
PAN_day_580,PAN,41.0031901738247,2.8511918455040015
PAN_day_581,PAN,32.1838932483833,2.406640648815872
PAN_day_582,PAN,41.08361209497547,3.114504839879459
PAN_day_583,PAN,14.065929765705148,1.0537514561743428
PAN_day_584,PAN,62.51039139995713,4.169119676499578
PAN_day_585,PAN,27.210955959211866,1.6772200225095013
PAN_day_586,PAN,50.000081005613545,3.2782997104351312
PAN_day_587,PAN,18.977698560261917,1.4527659775212656
PAN_day_588,PAN,38.39354160706917,2.9931056311228725
PAN_day_589,PAN,76.81107824252688,4.372092802856057
PAN_day_590,PAN,48.70484617864018,3.487045213948712
PAN_day_591,PAN,47.65307449127757,3.1157758068444177
PAN_day_592,PAN,49.19744487540738,3.172288667217555
PAN_day_593,PAN,34.228498944495556,2.5038588338990015
PAN_day_594,PAN,101.92146829049723,7.6538648039611505
PAN_day_595,PAN,39.28089305324961,2.1589801605549437
PAN_day_596,PAN,110.19756133294383,6.5777410530475695
PAN_day_597,PAN,38.92586238898568,2.4483452153477083
PAN_day_598,PAN,33.71844483111208,2.3552459030129134
PAN_day_599,PAN,49.96969919934812,3.4694256097264433
PAN_day_600,PAN,38.85824032765875,2.8401872443031566
PAN_day_601,PAN,79.89202146928272,5.037198729966593
PAN_day_602,PAN,21.11035126120003,1.7759439957224767
PAN_day_603,PAN,44.42059001222012,3.4954692472210094
PAN_day_604,PAN,29.72777481892286,1.8821512946520704
PAN_day_605,PAN,19.94482537366103,1.242005922824846
PAN_day_606,PAN,27.546818636361316,1.7625580068294573
PAN_day_607,PAN,17.91737180046923,1.23935178468896
PAN_day_608,PAN,19.21793916856506,1.3986278936842749
PAN_day_609,PAN,40.49332447840427,3.508770579696077
PAN_day_610,PAN,49.00787235641757,3.698588862746468
PAN_day_611,PAN,47.65626759837928,3.4546204668856815
PAN_day_612,PAN,35.21532722155581,2.312605687342062
PAN_day_613,PAN,62.50170122464999,4.335672678767307
PAN_day_614,PAN,17.1801635697127,1.2066445337803147
PAN_day_615,PAN,26.245929139582774,1.7932378216184677
PAN_day_616,PAN,28.643856285176295,2.16878326482903
PAN_day_617,PAN,41.30828514710054,3.062034152108867
PAN_day_618,PAN,62.33848058289649,4.36674525774167
PAN_day_619,PAN,64.08081754595129,4.725316466242816
PAN_day_620,PAN,70.9092442179644,5.089540411988774
PAN_day_621,PAN,51.45630399280538,3.634697117092834
PAN_day_622,PAN,98.51816377449137,7.074908496342233
PAN_day_623,PAN,50.36217262035151,3.8256183864932756
PAN_day_624,PAN,93.86070473080707,6.544381070618716
PAN_day_625,PAN,20.797338827559997,1.3857640654222172
PAN_day_626,PAN,69.06213625834529,4.172991364346878
PAN_day_627,PAN,37.037300979125504,2.6294106829144024
PAN_day_628,PAN,45.5039027287724,2.9422715725396165
PAN_day_629,PAN,53.37605405196153,4.299663795375089
PAN_day_630,PAN,31.80957518552129,2.3220895711812646
PAN_day_631,PAN,76.24574646477826,4.84659984686239
PAN_day_632,PAN,37.890209185679964,2.5806997618401493
PAN_day_633,PAN,55.42600168240459,3.240095893926145
PAN_day_634,PAN,23.773214925433063,1.3614012515701317
PAN_day_635,PAN,20.47679091531639,1.569188710917904
PAN_day_636,PAN,38.01731520505384,2.799642476865856
PAN_day_637,PAN,25.281265865615133,2.0695038621873034
PAN_day_638,PAN,55.44925394539062,3.7875343497242997
PAN_day_639,PAN,26.736558899161512,1.7051373037188093
PAN_day_640,PAN,66.81146781918629,3.691557924232548
PAN_day_641,PAN,45.38816806456375,2.857645953451672
PAN_day_642,PAN,38.18510017160379,2.418574469115935
PAN_day_643,PAN,30.088697047375597,2.22425974600212
PAN_day_644,PAN,61.74649038570937,5.2166752760311095
PAN_day_645,PAN,50.52169339616232,3.480791831277007
PAN_day_646,PAN,51.007466132036335,3.374806018683827
PAN_day_647,PAN,31.944219835982608,2.4457939092467806
PAN_day_648,PAN,9.067560588736974,0.6446913612403282
PAN_day_649,PAN,45.717881532434866,2.965793463962757
PAN_day_650,PAN,25.043882525936684,2.00336924498319
PAN_day_651,PAN,28.396973505478247,2.4713289560583687
PAN_day_652,PAN,68.89026448522137,4.509489665922196
PAN_day_653,PAN,82.5483885449417,5.760339188413031
PAN_day_654,PAN,43.40763698842827,3.1291383654189104
PAN_day_655,PAN,59.49484200015086,3.8371999080957697
PAN_day_656,PAN,27.52857669733094,2.1424222870136314
PAN_day_657,PAN,18.728975880025654,1.3583896464818441
PAN_day_658,PAN,43.21286586214806,3.6153143294604626
PAN_day_659,PAN,97.02004810016928,5.579888120480385
PAN_day_660,PAN,24.67573045287448,1.757155467934399
PAN_day_661,PAN,16.684229406663256,1.083965274711166
PAN_day_662,PAN,198.91573675699343,15.439844938177464
PAN_day_663,PAN,197.43879931539334,15.284290550530697
PAN_day_664,PAN,57.8120503978049,4.781862730594367
PAN_day_665,PAN,87.5511870038941,7.406273455969313
PAN_day_666,PAN,213.91611220795568,13.081725311473583
PAN_day_667,PAN,84.21492286323132,5.408864531647396
PAN_day_668,PAN,36.08480724757419,2.9102081621949187
PAN_day_669,PAN,145.49794653085314,10.180430997834828
PAN_day_670,PAN,177.19472542568337,10.546762944114779
PAN_day_671,PAN,27.95653482299204,1.8681222018828243
PAN_day_672,PAN,60.999734917183574,5.023417755040191
PAN_day_673,PAN,77.71216471831325,4.927117108721607
PAN_day_674,PAN,24.749317435520663,1.7698088676956836
PAN_day_675,PAN,39.7321901011111,2.8823309724918995
PAN_day_676,PAN,66.34337422422391,4.668623133523366
PAN_day_677,PAN,26.40623310854686,1.9936721873338936
PAN_day_678,PAN,49.0731147242009,3.8561539843106116
PAN_day_679,PAN,77.75738347869289,6.949421822209458
PAN_day_680,PAN,65.84986941620501,5.320104202702117
PAN_day_681,PAN,93.01050901514212,8.400432812170424
PAN_day_682,PAN,36.458632579832866,2.8830080820087938
PAN_day_683,PAN,101.9126150976659,7.552111834662993
PAN_day_684,PAN,22.25221822618661,1.3253434747239714
PAN_day_685,PAN,53.919406958557126,4.20944493516664
PAN_day_686,PAN,19.083202654996533,1.4625529507136696
PAN_day_687,PAN,145.0242516078992,11.169093661250855
PAN_day_688,PAN,103.78962041614315,7.019159375235019
PAN_day_689,PAN,42.33002858600109,3.3127379873868947
PAN_day_690,PAN,42.11127947409599,2.916454065881789
PAN_day_691,PAN,21.738280782335714,1.5832184653541348
PAN_day_692,PAN,57.12456346402499,4.051549735228957
PAN_day_693,PAN,40.190222102231154,3.3716067611421403
PAN_day_694,PAN,198.8281647188157,11.955350126270075
PAN_day_695,PAN,26.03991367521214,1.6069569161681427
PAN_day_696,PAN,50.212988942919644,2.2400158521568567
PAN_day_697,PAN,167.08321068749322,12.512929577735523
PAN_day_698,PAN,37.731993412167284,3.10927120634656
PAN_day_699,PAN,71.42296679439558,4.834369572036406
PAN_day_700,PAN,36.62044803006807,2.9755807876456735
PAN_day_701,PAN,52.504747393902406,3.606108501828711
PAN_day_702,PAN,22.609382359174088,1.6854781845945532
PAN_day_703,PAN,33.444122325623226,2.60073423910739
PAN_day_704,PAN,38.4398927126603,2.947821754330047
PAN_day_705,PAN,18.195472041840937,1.2093054615226009
PAN_day_706,PAN,54.39097698114014,4.010919137261533
PAN_day_707,PAN,60.97542106472767,4.931710138895936
PAN_day_708,PAN,37.49466286606667,2.3734527390189015
PAN_day_709,PAN,11.203108728291264,0.8166903528285427
PAN_day_710,PAN,29.884078891659264,1.9459669997411566
PAN_day_711,PAN,50.91741112972801,3.6447229201791274
PAN_day_712,PAN,23.393208007302395,1.289525278658887
PAN_day_713,PAN,32.81387112617164,2.4617096377071426
PAN_day_714,PAN,109.59799670771436,9.363771453296465
PAN_day_715,PAN,91.08090304041971,6.66603717340407
PAN_day_716,PAN,80.7546083678098,5.226738686612167
PAN_day_717,PAN,29.34530821089632,1.9460151640784555
PAN_day_718,PAN,18.883074470739647,1.1546468167021624
PAN_day_719,PAN,27.32433951154327,1.9165917099632894
PAN_day_720,PAN,58.08676077387744,3.8907400889079713
PAN_day_721,PAN,47.5485762546183,4.977004612825669
PAN_day_722,PAN,63.033938084125246,5.8443158220372275
PAN_day_723,PAN,36.804123467747,2.374294247721488
PAN_day_724,PAN,15.275685952096653,1.0621181734762628
PAN_day_725,PAN,20.963319209594,1.4424665911032442
PAN_day_726,PAN,18.50749207406736,1.258909209202933
PAN_day_727,PAN,39.49085290741915,2.8928506302189296
PAN_day_728,PAN,58.242833520625105,4.410323540668179
PAN_day_729,PAN,30.310547817797683,2.2191955590595347
PAN_day_730,PAN,108.34434782291557,6.517317989260202
PAN_day_731,PAN,17.599031447378923,1.4370108525435747
PAN_day_732,PAN,29.894679641939085,2.2168247508344714
PAN_day_733,PAN,23.519941602738946,1.636346673808375
PAN_day_734,PAN,75.57427962581747,5.070711850707657
PAN_day_735,PAN,21.243988304351355,1.6979463932647498
PAN_day_736,PAN,193.49843330121135,10.891222125972389
PAN_day_737,PAN,13.504056625834691,0.7872765032863818
PAN_day_738,PAN,25.77043802647229,1.9292729858015907
PAN_day_739,PAN,13.316263416871141,0.8395660844334206
PAN_day_740,PAN,11.808419094372173,0.7815225681638899
PAN_day_741,PAN,25.185784861215183,1.9794108364328302
PAN_day_742,PAN,13.377970874912233,0.9838503704027453
PAN_day_743,PAN,47.35143453654544,3.11066227866343
PAN_day_744,PAN,24.8605955795847,1.7471831736028227
PAN_day_745,PAN,9.934038717795817,0.728625643393532
PAN_day_746,PAN,30.770693121032394,2.3950050215642094
PAN_day_747,PAN,24.230778938100254,1.7438108794170448
PAN_day_748,PAN,12.741753449780738,0.9474506130953063
PAN_day_749,PAN,33.340404231383914,2.796905680979533
PAN_day_750,PAN,31.869951077752393,2.2773774969304217
PAN_day_751,PAN,21.67509294812827,1.3253139346942553
PAN_day_752,PAN,14.895050849359334,0.9772661060800438
PAN_day_753,PAN,24.702650164228302,1.621377084353225
PAN_day_754,PAN,11.440975535383785,0.7903488835936457
PAN_day_755,PAN,54.617614174469836,3.9594693219927417
PAN_day_756,PAN,23.381619271306562,1.9855153790313964
PAN_day_757,PAN,60.04935880650602,3.9845938904486684
PAN_day_758,PAN,12.286511748763363,0.8437786875452077
PAN_day_759,PAN,23.015430073539804,1.5766691164097877
PAN_day_760,PAN,16.534456858406347,1.139451826754133
PAN_day_761,PAN,21.27674691641089,1.5261514566599057
PAN_day_762,PAN,31.858468659375564,2.117678492960225
PAN_day_763,PAN,16.390302702767062,1.2649377998245892
PAN_day_764,PAN,32.30542229288554,1.885394742994093
PAN_day_765,PAN,27.66880493556775,1.8778878173164135
PAN_day_766,PAN,35.6542154839485,2.3054947070510314
PAN_day_767,PAN,19.859536891042218,1.4766769189335331
PAN_day_768,PAN,22.765289024493896,1.7629152814340003
PAN_day_769,PAN,45.60388971768196,3.101994307686219
PAN_day_770,PAN,27.25204679823,2.149192338857259
PAN_day_771,PAN,37.124485314030515,3.0387428909264296
PAN_day_772,PAN,15.76331291521285,1.1145635837660424
PAN_day_773,PAN,28.713569689433033,2.3131454690966784
PAN_day_774,PAN,17.864633087329576,1.4072801870189457
PAN_day_775,PAN,23.620886877824894,1.6502172104596948
PAN_day_776,PAN,54.57015186891166,4.309395137968147
PAN_day_777,PAN,46.43073727706319,4.438331299215506
PAN_day_778,PAN,262.99139798835705,23.249800033746634
PAN_day_779,PAN,87.46019711145757,7.457800569862623
PAN_day_780,PAN,221.10794865108403,15.247033207742952
PAN_day_781,PAN,38.23710171173204,2.3452797052642476
PAN_day_782,PAN,71.20851455629271,4.628358324607201
PAN_day_783,PAN,101.1281808051969,6.94551086014857
PAN_day_784,PAN,44.62166413202501,3.586757100162361
PAN_day_785,PAN,194.2596075193462,11.542795229503673
PAN_day_786,PAN,42.02953826996258,3.0111469296015088
PAN_day_787,PAN,55.27688921090801,3.6444155392070985
PAN_day_788,PAN,35.36249701138201,2.4566215781503047
PAN_day_789,PAN,14.645488504570245,1.063469078547052
PAN_day_790,PAN,83.133953298745,5.653045644914309
PAN_day_791,PAN,48.40101453072376,3.5502199548753466
PAN_day_792,PAN,28.112144243724984,1.8446013636804468
PAN_day_793,PAN,13.92824084653791,0.9390652732045259
PAN_day_794,PAN,18.79572740602681,1.2545778096241758
PAN_day_795,PAN,21.194064945099196,1.314826795650468
PAN_day_796,PAN,185.4198789447199,10.653902227015761
PAN_day_797,PAN,44.659305622190885,3.246736382433388
PAN_day_798,PAN,24.447021026872246,2.132594516481841
PAN_day_799,PAN,60.62585691640091,3.763893679317664
PAN_day_800,PAN,177.90184255852415,9.13467646096332
PAN_day_801,PAN,42.77581407944896,3.170006753724919
PAN_day_802,PAN,19.313305298355868,1.3088979496154225
PAN_day_803,PAN,19.34300554589004,1.2843090151251415
PAN_day_804,PAN,42.48447186664697,3.0704294573624074
PAN_day_805,PAN,24.613176696851163,1.979073266803422
PAN_day_806,PAN,38.28891582838733,2.719312233929409
PAN_day_807,PAN,19.802390630426427,1.3169025384570676
PAN_day_808,PAN,19.607636031393042,1.2139972158833263
PAN_day_809,PAN,12.701637266969424,0.7877558051510571
PAN_day_810,PAN,34.44562361927007,2.198588047787724
PAN_day_811,PAN,61.37181691503438,4.105757639703139
PAN_day_812,PAN,28.04591041871494,1.9459184247017596
PAN_day_813,PAN,62.65315509863939,3.539121649625069
PAN_day_814,PAN,25.83043932874222,1.5000883120824289
PAN_day_815,PAN,36.24825614939406,2.2831812019843514
PAN_day_816,PAN,35.51479765401201,2.3835506942492386
PAN_day_817,PAN,34.67406679063264,2.276169108229206
PAN_day_818,PAN,68.22736730064776,4.75533428480765
PAN_day_819,PAN,42.8761807081109,3.097570731878932
PAN_day_820,PAN,40.23162890743322,2.5380880595409185
PAN_day_821,PAN,46.742799913796865,2.917893451770832
PAN_day_822,PAN,21.26870489834575,1.3163049234111908
PAN_day_823,PAN,124.2574180729431,8.935623539722622
PAN_day_824,PAN,182.64861430650453,13.592295449956291
PAN_day_825,PAN,38.43843596739035,3.0911027280707772
PAN_day_826,PAN,46.202639762626134,3.1075056176824782
PAN_day_827,PAN,180.35443103334055,9.13731360177789
PAN_day_828,PAN,84.12068688931153,5.0626291317039085
PAN_day_829,PAN,45.093917170547144,2.5726503144939645
PAN_day_830,PAN,51.20105745571002,3.336880228369013
PAN_day_831,PAN,51.86636660532445,3.219548222258922
PAN_day_832,PAN,96.93881348060486,6.030085203967241
PAN_day_833,PAN,35.19949656126136,2.129211466860713
PAN_day_834,PAN,192.70244450364729,9.868449237048187
PAN_day_835,PAN,21.60408431890447,1.3119420555817412
PAN_day_836,PAN,26.94073379179596,1.3753096040021071
PAN_day_837,PAN,46.74957130140786,2.884323055429536
PAN_day_838,PAN,20.448434654301785,1.3414183455097275
PAN_day_839,PAN,56.00760623448837,3.4113441458609444
PAN_day_840,PAN,80.66125135771512,6.545609290386626
PAN_day_841,PAN,188.67775811022346,13.189789215375322
PAN_day_842,PAN,119.58070944708922,7.129496318631164
PAN_day_843,PAN,32.29384991835392,2.1595647588463924
PAN_day_844,PAN,75.81352460750873,4.856584057830146
PAN_day_845,PAN,53.86347124504539,3.9436092122955584
PAN_day_846,PAN,64.46005008846886,3.9816240084436663
PAN_day_847,PAN,40.259206686902694,3.00060563918275
PAN_day_848,PAN,149.1571151021591,8.067125090382255
PAN_day_849,PAN,19.09353976488731,1.3739365637491507
PAN_day_850,PAN,29.072966708238305,2.057553527918787
PAN_day_851,PAN,36.34192094322109,2.52799914482615
PAN_day_852,PAN,43.975815336827466,3.0227007257304677
PAN_day_853,PAN,57.51709595026945,4.196870801466323
PAN_day_854,PAN,88.6691459589007,6.904699187910722
PAN_day_855,PAN,152.61033206579458,8.786255137180097
PAN_day_856,PAN,18.44711908634605,1.247603815218891
PAN_day_857,PAN,14.014206491033766,0.9356337826129432
PAN_day_858,PAN,36.74796916922756,2.10923900458132
PAN_day_859,PAN,29.250294551081033,2.204779651093164
PAN_day_860,PAN,27.072257642526473,1.8972492221899309
PAN_day_861,PAN,32.06147956788773,2.3713373876978463
PAN_day_862,PAN,30.31260872649231,2.3860946519354376
PAN_day_863,PAN,37.14301317712165,2.5563832987090542
PAN_day_864,PAN,34.69832578130268,2.4079407741803798
PAN_day_865,PAN,32.14800958629345,2.052835979964262
PAN_day_866,PAN,50.24927513803476,3.0427269481497303
PAN_day_867,PAN,49.840262131629906,3.7690024804209403
PAN_day_868,PAN,28.094579596427497,2.054734830656391
PAN_day_869,PAN,29.6717009289014,2.0275331913033345
PAN_day_870,PAN,24.060353596390343,1.6053513791007576
PAN_day_871,PAN,39.80601309843151,2.2040676564392525
PAN_day_872,PAN,42.431488793841844,2.886988376968287
PAN_day_873,PAN,43.444672861275315,2.5616497283635677
PAN_day_874,PAN,46.62363427539102,3.486437863521652
PAN_day_875,PAN,29.163901311431513,2.2174124933501087
PAN_day_876,PAN,73.40716063823555,4.344104679514515
PAN_day_877,PAN,55.034549300288006,3.115203510083963
PAN_day_878,PAN,32.0020882699343,2.020664812786509
PAN_day_879,PAN,36.153855654987424,2.0117818156619935
PAN_day_880,PAN,28.677867824581504,1.7487391156404746
PAN_day_881,PAN,47.39153258533288,3.355679059996761
PAN_day_882,PAN,51.47989793860479,4.392093630395752
PAN_day_883,PAN,39.768212701488736,3.166606317782788
PAN_day_884,PAN,44.73083060622635,2.903261638472811
PAN_day_885,PAN,43.29017240688604,2.8556387023372753
PAN_day_886,PAN,50.57959085294022,3.3889645816468508
PAN_day_887,PAN,78.22132480985978,5.640753889068193
PAN_day_888,PAN,26.545431287531557,1.8644366021552334
PAN_day_889,PAN,30.88733849943614,2.3576984010137627
PAN_day_890,PAN,59.28970581142578,3.5837701018648804
PAN_day_891,PAN,72.1249448031851,5.206504395435556
PAN_day_892,PAN,64.37011395911603,4.502225555929699
PAN_day_893,PAN,59.76214587194805,4.13318761529984
PAN_day_894,PAN,47.44168020085294,3.5917668626033827
PAN_day_895,PAN,30.939147001075614,1.9347226964341626
PAN_day_896,PAN,30.41809251887218,2.0247514677636738
PAN_day_897,PAN,38.366896271856774,2.5412632971029123
PAN_day_898,PAN,251.28747854053202,16.790109464257387
PAN_day_899,PAN,39.33360335614234,2.0718016884918655
PAN_day_900,PAN,20.745335076650377,0.996143919017945
PAN_day_901,PAN,50.93901208047714,3.018620360264528
PAN_day_902,PAN,153.80540908596976,8.649624226507559
PAN_day_903,PAN,43.283116752614,3.184183891863377
PAN_day_904,PAN,47.559436703508155,3.730216486585411
PAN_day_905,PAN,26.42370726738586,1.7017498476658888
PAN_day_906,PAN,46.13656971273801,2.9147807538374577
PAN_day_907,PAN,23.653470750892645,1.336511326501589
PAN_day_908,PAN,52.88254485677434,2.932420753120489
PAN_day_909,PAN,30.677625902174217,2.09107945216599
PAN_day_910,PAN,34.027625002476505,2.734297190899031
PAN_day_911,PAN,176.85319064718627,10.692346752169584
PAN_day_912,PAN,27.28767237649782,2.0650794098697665
PAN_day_913,PAN,31.28525830614293,2.107090169831881
PAN_day_914,PAN,32.46771629625597,2.0912542774379594
PAN_day_915,PAN,18.26111823134516,1.336922409913008
PAN_day_916,PAN,18.519770026829907,1.3234435631533026
PAN_day_917,PAN,28.576219401212782,2.0600934255037147
PAN_day_918,PAN,104.56076056019809,6.233458577823972
PAN_day_919,PAN,48.11578430578505,3.2081932067770915
PAN_day_920,PAN,17.063884498810637,1.1974192990675778
PAN_day_921,PAN,102.01777674397815,6.052198126884872
PAN_day_922,PAN,51.918518737781966,3.154997691943575
PAN_day_923,PAN,48.12125348434064,2.548559286278817
PAN_day_924,PAN,18.918256131435154,1.4202122017105916
PAN_day_925,PAN,95.07255249117428,5.996998794559364
PAN_day_926,PAN,29.03611378400181,2.0942871204979867
PAN_day_927,PAN,31.634402191357815,2.0215888388005094
PAN_day_928,PAN,60.555773118526865,3.689819545614271
PAN_day_929,PAN,33.240416006986095,2.220871083874532
PAN_day_930,PAN,35.73424878010942,2.647804708181024
PAN_day_931,PAN,67.20130575225393,5.348983264301634
PAN_day_932,PAN,107.6651512194038,7.305987350392751
PAN_day_933,PAN,36.63392140773245,2.704843988331257
PAN_day_934,PAN,31.533126819591114,2.0638236210394725
PAN_day_935,PAN,16.00266847724153,1.1508031404655796
PAN_day_936,PAN,33.6211359896073,1.9496243195612784
PAN_day_937,PAN,42.479921240358735,3.1876026308122523
PAN_day_938,PAN,57.943974479761486,4.522376463733266
PAN_day_939,PAN,61.2925825534753,3.9587511205866224
PAN_day_940,PAN,62.41305164717489,4.1210197094474825
PAN_day_941,PAN,55.35843931306908,2.752240860852784
PAN_day_942,PAN,20.04022084284501,1.3946587946329312
PAN_day_943,PAN,31.05501686781729,2.1573437100492514
PAN_day_944,PAN,29.946096434907037,2.3447919291876422
PAN_day_945,PAN,51.083750356326625,3.7247855619779813
PAN_day_946,PAN,46.62186560841562,2.765952101255007
PAN_day_947,PAN,54.58995267243549,3.3819663863868676
PAN_day_948,PAN,33.60308296863051,2.0976686675784317
PAN_day_949,PAN,25.638035956310755,1.6338596377855463
PAN_day_950,PAN,36.73518044409202,1.6694437739082506
PAN_day_951,PAN,35.27050443871269,2.632779089111928
PAN_day_952,PAN,23.678026964413654,1.8437335986906889
PAN_day_953,PAN,19.479451532822576,1.3825395425432243
PAN_day_954,PAN,24.39591727722249,1.52046598968871
PAN_day_955,PAN,54.07266803603277,3.687643401304391
PAN_day_956,PAN,145.7733021482686,9.354513989975109
PAN_day_957,PAN,49.8290188363334,3.8133518941922935
PAN_day_958,PAN,68.14704364068189,5.32813732257463
PAN_day_959,PAN,58.537473091470076,4.53980762341779
PAN_day_960,PAN,116.39075090908929,6.906546297777048
PAN_day_961,PAN,56.2629901810758,3.1928202931841487
PAN_day_962,PAN,17.17629779474462,1.184989549360358
PAN_day_963,PAN,56.444946944958396,3.234078212291871
PAN_day_964,PAN,23.022562285071555,1.3575077709062648
PAN_day_965,PAN,58.7334820130768,4.614748609901716
PAN_day_966,PAN,41.09112390678691,3.2557016099275584
PAN_day_967,PAN,24.580288346966114,1.642050752616363
PAN_day_968,PAN,12.631953757435937,0.866444182281714
PAN_day_969,PAN,45.45376409744118,2.861147512180091
PAN_day_970,PAN,38.13531673959958,2.4184430049948347
PAN_day_971,PAN,72.13062405727308,4.952378313660319
PAN_day_972,PAN,33.535790702975106,2.278932620038607
PAN_day_973,PAN,43.1194861188361,3.931257695128229
PAN_day_974,PAN,46.28269486360877,3.1611679176932515
PAN_day_975,PAN,20.351697396767257,1.397070157929029
PAN_day_976,PAN,22.423787380081084,1.656647962487325
PAN_day_977,PAN,37.47565419137139,2.4974604541512226
PAN_day_978,PAN,32.3304587466809,2.0589376940065605
PAN_day_979,PAN,26.478542865489867,1.8780599131746705
PAN_day_980,PAN,27.55066326097404,2.3433802208717855
PAN_day_981,PAN,57.6986821758486,3.471790755726138
PAN_day_982,PAN,37.08439558028975,2.467973646187673
PAN_day_983,PAN,24.702396236094213,1.515465406689189
PAN_day_984,PAN,44.43172315189996,2.2124914953301693
PAN_day_985,PAN,31.817712929514574,2.3119174731810284
PAN_day_986,PAN,15.58325000950541,1.107607935487893
PAN_day_987,PAN,40.69577094386877,3.256858255507295
PAN_day_988,PAN,84.55745249679609,4.897259973754635
PAN_day_989,PAN,32.757442392041476,2.015064480310688
PAN_day_990,PAN,54.600188001954216,3.2554865933192447
PAN_day_991,PAN,35.11326142021818,2.459577177958931
PAN_day_992,PAN,33.409070902469736,2.289530589912057
PAN_day_993,PAN,36.28955032740143,2.4435986884017877
PAN_day_994,PAN,39.01116577350535,2.929880277829537
PAN_day_995,PAN,60.59599588743122,3.2986510493793593
PAN_day_996,PAN,36.57647769354305,2.20348044968387
PAN_day_997,PAN,31.63376979296284,2.012615057894416
PAN_day_998,PAN,39.74138808056934,2.4274406099217836
PAN_day_999,PAN,32.60984218283777,2.0896853726065143
PAN_day_1000,PAN,65.05315632100094,3.61670925869385
PAN_day_1001,PAN,40.22687593731645,3.2166011003274284
PAN_day_1002,PAN,164.31172082179654,8.581187106284464
PAN_day_1003,PAN,42.469380802433236,2.8384915198432985
PAN_day_1004,PAN,126.57394433417502,7.726036878152455
PAN_day_1005,PAN,135.22260548433644,7.882750910963752
PAN_day_1006,PAN,42.27122237669994,3.0027854275478965
PAN_day_1007,PAN,35.52329551326143,2.370892128375783
PAN_day_1008,PAN,37.19102177846491,3.012328002050855
PAN_day_1009,PAN,75.89445341443493,4.472679423241669
PAN_day_1010,PAN,39.10214724569165,2.2768775495584332
PAN_day_1011,PAN,35.35077222860554,2.179973954687972
PAN_day_1012,PAN,49.65244358103976,3.426057444775463
PAN_day_1013,PAN,17.877088893970296,1.0608065119715229
PAN_day_1014,PAN,62.639813970216515,3.8030123266001055
PAN_day_1015,PAN,29.646010951644083,2.1323814442823554
PAN_day_1016,PAN,53.827297350198315,3.3346828869777223
PAN_day_1017,PAN,52.36071077422538,3.011309977000433
PAN_day_1018,PAN,23.847523837016787,1.629965173888281
PAN_day_1019,PAN,34.074008587319895,2.3336701562639615
PAN_day_1020,PAN,21.572073033081082,1.1715853777905845
PAN_day_1021,PAN,128.03495106452215,10.07544771187134
PAN_day_1022,PAN,56.824981374974946,3.9236990711327238
PAN_day_1023,PAN,41.53956805288685,3.318281639295067
PAN_day_1024,PAN,27.285897745523556,2.0260746162072847
PAN_day_1025,PAN,50.954458582464454,3.9179527327758485
PAN_day_1026,PAN,68.39898836999531,4.246479237354176
PAN_day_1027,PAN,175.4597680886526,13.231755139292808
PAN_day_1028,PAN,86.36728227245545,7.711773496971125
PAN_day_1029,PAN,41.350621173866095,3.5714387238740923
PAN_day_1030,PAN,99.714187165232,7.4036048802029795
PAN_day_1031,PAN,53.58928698855459,3.7066712689397976
PAN_day_1032,PAN,89.0981464873615,5.315151442198877
PAN_day_1033,PAN,28.987765181566974,2.2057357749809783
PAN_day_1034,PAN,66.12136906132983,4.831340926827651
PAN_day_1035,PAN,85.55619311661248,5.715716280106739
PAN_day_1036,PAN,113.49245720995991,7.842983168193353
PAN_day_1037,PAN,172.75340044887324,9.871744704722495
PAN_day_1038,PAN,14.238943195291933,1.0061982154089655
PAN_day_1039,PAN,30.48258286415375,2.1597327347806266
PAN_day_1040,PAN,36.44389870092569,2.7214964075269132
PAN_day_1041,PAN,53.47804470433017,3.209991132274586
PAN_day_1042,PAN,65.97145155666453,4.969664108333864
PAN_day_1043,PAN,40.314580298732054,3.2294687555517254
PAN_day_1044,PAN,174.10045914349993,10.394463050591435
PAN_day_1045,PAN,36.213078027903094,2.552349303376061
PAN_day_1046,PAN,34.016007770527445,2.5035581854693594
PAN_day_1047,PAN,26.694934257114557,1.9951322690308981
PAN_day_1048,PAN,30.240726594100988,1.743456698369299
PAN_day_1049,PAN,32.91457802358125,2.1169951562267335
PAN_day_1050,PAN,42.11935665747497,3.7247652887117724
PAN_day_1051,PAN,57.7676483524083,3.9513209189019007
PAN_day_1052,PAN,163.23864584404743,11.30047191779165
PAN_day_1053,PAN,55.58015354079863,3.4178142225397967
PAN_day_1054,PAN,15.496465212508946,1.1648959114117543
PAN_day_1055,PAN,29.05328490927631,2.006341538726837
PAN_day_1056,PAN,40.279312480204,2.9509950899558923
PAN_day_1057,PAN,32.39714751094351,2.700216651853559
PAN_day_1058,PAN,86.78118410724662,5.267816885282071
PAN_day_1059,PAN,72.48613177795343,4.885708419183507
PAN_day_1060,PAN,25.415249001313164,1.7944297769224054
PAN_day_1061,PAN,59.608658774928266,3.843336736480495
PAN_day_1062,PAN,242.9388261026923,19.64490914439601
PAN_day_1063,PAN,12.368521117016506,0.9546038483074426
PAN_day_1064,PAN,45.02320020353857,3.908605925425348
PAN_day_1065,PAN,108.66499086380695,6.069182556661348
PAN_day_1066,PAN,38.805937809416896,3.0197118004166126
PAN_day_1067,PAN,26.064515623976217,1.7850826009062764
PAN_day_1068,PAN,24.813445575920486,1.7299434684408384
PAN_day_1069,PAN,26.939583925068934,1.7456984960424744
PAN_day_1070,PAN,66.92928097315666,4.928109920253198
PAN_day_1071,PAN,29.731744808957984,1.9100038907545243
PAN_day_1072,PAN,68.94091663419422,4.485642872789546
PAN_day_1073,PAN,16.576339005102533,0.9890513075459071
PAN_day_1074,PAN,29.19706633213917,1.9960806309732553
PAN_day_1075,PAN,13.036851205157495,0.857970174940985
PAN_day_1076,PAN,12.031159104695575,0.7519410749731514
PAN_day_1077,PAN,22.380365049636694,1.4172159683024814
PAN_day_1078,PAN,16.277673408383666,1.0652978517158544
PAN_day_1079,PAN,255.43845150647837,19.868558161997917
PAN_day_1080,PAN,133.08723307193262,7.993476894652607
PAN_day_1081,PAN,13.925788351846244,0.8524694268570618
PAN_day_1082,PAN,26.68801675742472,1.75552756261384
PAN_day_1083,PAN,26.805201817324534,1.582991972094903
PAN_day_1084,PAN,94.96359082248968,7.142205326364197
PAN_day_1085,PAN,36.07689180069079,3.129245130730223
PAN_day_1086,PAN,16.28143513897294,1.3072677581211578
PAN_day_1087,PAN,191.03805597703348,11.805104846487342
PAN_day_1088,PAN,44.37451704425454,2.9846609596843456
PAN_day_1089,PAN,47.1772366065281,3.487230798949983
PAN_day_1090,PAN,36.8171599504339,2.1177117910972987
PAN_day_1091,PAN,34.51515755943924,2.490857990584398
PAN_day_1092,PAN,30.83265764935776,2.424629332232362
PAN_day_1093,PAN,287.58859042902907,16.428461323148113
PAN_day_1094,PAN,168.67590397297542,12.11294221633753
